,code,name,eps_x,eps_yoy,roe_x,time_point
2731,000002,万科A,1.27,26.07,10.04,2018-10-17
2029,000006,深振业A,0.37,48.41,8.77,2018-10-17
26,000007,全新好,-0.03,-183.89,-2.26,2018-10-17
3416,000008,神州高铁,0.04,1.15,1.72,2018-10-17
1479,000009,中国宝安,0.05,-45.36,1.95,2018-10-17
730,000010,美丽生态,-0.23,-1610.32,-18.12,2018-10-17
1335,000012,南玻A,0.17,-48.48,5.39,2018-10-17
549,000016,深康佳A,0.18,233.64,5.24,2018-10-17
1023,000023,深天地A,0.08,-68.44,2.56,2018-10-17
3453,000026,飞亚达A,0.37,19.12,6.55,2018-10-17
30,000027,深圳能源,0.15,-24.86,2.79,2018-10-17
2071,000028,国药一致,2.17,15.41,9.21,2018-10-17
324,000029,深深房A,0.37,149.97,12.41,2018-10-17
732,000030,富奥股份,0.37,-26.98,11.23,2018-10-17
1887,000032,深桑达A,0.2,89.59,5.33,2018-10-17
3328,000035,中国天楹,0.12,11.08,5.31,2018-10-17
182,000036,华联控股,0.65,-31.68,15.45,2018-10-17
422,000038,深大通,0.42,-20.85,4.07,2018-10-17
1027,000042,中洲控股,1.14,209.73,11.24,2018-10-17
408,000043,中航善达,1.25,-1257.53,18.15,2018-10-17
1049,000045,深纺织A,0.02,-65.71,0.51,2018-10-17
38,000046,泛海控股,0.35,48.68,8.71,2018-10-17
1490,000049,德赛电池,1.34,47.39,18.14,2018-10-17
2316,000050,深天马A,0.62,16.03,4.98,2018-10-17
3542,000055,方大集团,0.28,-9.68,9.77,2018-10-17
1202,000056,皇庭国际,0.13,-7.14,2.81,2018-10-17
3329,000059,华锦股份,0.66,-13.88,9.46,2018-10-17
646,000060,中金岭南,0.22,-43.59,7.6,2018-10-17
783,000061,农产品,0.03,1637.5,0.99,2018-10-17
2442,000062,深圳华强,0.72,61.69,11.86,2018-10-17
2640,000063,中兴通讯,-1.73,-286.02,-27.22,2018-10-17
255,000066,中国长城,0.07,-30.12,3.26,2018-10-17
664,000068,华控赛格,-0.05,486.59,-7.67,2018-10-17
2497,000069,华侨城A,0.62,7.63,9.54,2018-10-17
1301,000078,海王生物,0.16,5.15,7.54,2018-10-17
2936,000088,盐田港,0.15,5.14,4.66,2018-10-17
2239,000089,深圳机场,0.28,14.56,5.06,2018-10-17
1400,000090,天健集团,0.12,-73.27,2.65,2018-10-17
895,000096,广聚能源,0.18,-20.87,3.97,2018-10-17
1493,000100,TCL集团,0.18,18.0,8.65,2018-10-17
186,000150,宜华健康,0.33,-3.44,8.71,2018-10-17
3092,000151,中成股份,0.22,0.45,6.69,2018-10-17
426,000153,丰原药业,0.18,-7.92,4.5,2018-10-17
261,000157,中联重科,0.17,0.0,3.41,2018-10-17
413,000158,常山北明,0.02,-39.39,0.66,2018-10-17
1057,000159,国际实业,0.06,-150.45,1.28,2018-10-17
510,000333,美的集团,2.72,17.75,22.65,2018-10-17
106,000338,潍柴动力,0.75,29.31,16.47,2018-10-17
2545,000400,许继电气,0.15,-48.43,2.03,2018-10-17
3535,000401,冀东水泥,1.05,343.04,13.03,2018-10-17
556,000403,振兴生化,0.29,34.05,13.5,2018-10-17
3515,000404,长虹华意,0.09,-53.41,1.97,2018-10-17
810,000407,胜利股份,0.1,9.89,4.07,2018-10-17
1261,000408,藏格控股,0.38,15.96,10.85,2018-10-17
270,000411,英特集团,0.36,23.94,8.51,2018-10-17
416,000413,东旭光电,0.23,9.52,4.19,2018-10-17
461,000415,渤海租赁,0.39,30.05,7.26,2018-10-17
2078,000417,合肥百货,0.22,-32.14,4.62,2018-10-17
516,000418,小天鹅A,2.13,17.68,18.15,2018-10-17
2413,000421,南京公用,0.21,31.67,4.75,2018-10-17
1498,000423,东阿阿胶,1.87,-1.73,12.06,2018-10-17
192,000425,徐工机械,0.2,75.68,6.38,2018-10-17
2246,000428,华天酒店,-0.2,34.67,-7.61,2018-10-17
676,000498,山东路桥,0.31,-14.62,8.38,2018-10-17
1969,000501,鄂武商A,1.04,-11.11,10.3,2018-10-17
476,000504,南华生物,-0.07,12.31,-175.15,2018-10-17
3291,000505,京粮控股,0.15,-16.67,4.75,2018-10-17
1414,000506,中润资源,0.01,-106.39,0.87,2018-10-17
2983,000514,渝开发,0.01,-82.56,0.39,2018-10-17
2453,000516,国际医学,1.13,1128.26,46.66,2018-10-17
386,000520,长航凤凰,0.06,74.85,17.28,2018-10-17
3539,000521,长虹美菱,0.06,-45.44,1.3,2018-10-17
1426,000526,紫光学大,0.71,7.3,65.69,2018-10-17
1424,000528,柳工,0.64,155.73,7.62,2018-10-17
346,000529,广弘控股,0.18,5.88,7.43,2018-10-17
1759,000531,穗恒运A,0.11,-50.97,1.86,2018-10-17
2878,000532,华金资本,0.06,-24.81,2.74,2018-10-17
559,000537,广宇发展,1.24,376.92,18.89,2018-10-17
389,000539,粤电力A,0.18,20.13,3.92,2018-10-17
2331,000541,佛山照明,0.23,-56.64,6.98,2018-10-17
3276,000546,金圆股份,0.52,25.47,10.35,2018-10-17
1847,000547,航天发展,0.17,41.67,4.28,2018-10-17
850,000552,靖远煤电,0.22,32.68,6.97,2018-10-17
374,000553,安道麦A,1.04,52.15,12.31,2018-10-17
2775,000554,泰山石油,0.0,-28.57,0.13,2018-10-17
3039,000555,神州信息,0.31,128.53,5.88,2018-10-17
1047,000557,西部创业,0.06,126.4,2.03,2018-10-17
2185,000558,莱茵体育,0.02,47.57,1.47,2018-10-17
3456,000559,万向钱潮,0.21,-6.64,11.66,2018-10-17
3533,000560,我爱我家,0.22,446.58,5.37,2018-10-17
1318,000561,烽火电子,0.01,0.0,0.55,2018-10-17
492,000563,陕国投A,0.07,-46.92,2.78,2018-10-17
151,000564,供销大集,0.13,-25.76,2.5,2018-10-17
2806,000566,海南海药,0.17,28.98,4.87,2018-10-17
1704,000568,泸州老窖,1.88,32.53,17.07,2018-10-17
987,000570,苏常柴A,0.04,-50.0,1.05,2018-10-17
1902,000572,海马汽车,-0.29,659.69,-7.58,2018-10-17
2749,000576,广东甘化,-0.09,21.23,-3.85,2018-10-17
2187,000582,北部湾港,0.36,-10.62,6.88,2018-10-17
1519,000584,哈工智能,0.16,58.65,5.58,2018-10-17
49,000585,*ST东电,0.04,-216.93,,2018-10-17
3388,000589,黔轮胎A,0.08,-500.0,1.89,2018-10-17
1089,000590,启迪古汉,-0.05,-173.82,-1.94,2018-10-17
1864,000591,太阳能,0.24,4.6,5.8,2018-10-17
532,000593,大通燃气,0.05,242.86,1.55,2018-10-17
198,000595,宝塔实业,-0.01,-132.26,1.16,2018-10-17
2121,000596,古井贡酒,2.49,57.59,18.15,2018-10-17
938,000597,东北制药,0.3,74.71,6.24,2018-10-17
565,000599,青岛双星,0.07,-56.25,1.55,2018-10-17
396,000601,韶能股份,0.25,-38.17,5.96,2018-10-17
3556,000603,盛达矿业,0.37,54.17,9.86,2018-10-17
50,000605,渤海股份,0.1,-61.83,1.79,2018-10-17
504,000607,华媒控股,0.06,-32.43,3.34,2018-10-17
163,000608,阳光股份,-0.01,-102.5,-0.2,2018-10-17
2682,000609,中迪投资,-0.02,-104.76,-0.4,2018-10-17
3527,000611,天首发展,-0.15,396.36,-7.14,2018-10-17
1768,000612,焦作万方,-0.12,-152.4,-3.11,2018-10-17
431,000616,海航投资,0.23,7296.77,7.93,2018-10-17
3414,000619,海螺型材,0.01,-7.97,0.19,2018-10-17
1636,000620,新华联,0.16,23.08,4.66,2018-10-17
399,000622,恒立实业,0.0,-109.32,0.58,2018-10-17
2005,000623,吉林敖东,0.77,-34.59,4.3,2018-10-17
506,000627,天茂集团,0.2,0.0,5.3,2018-10-17
2686,000629,攀钢钒钛,0.24,205.64,38.41,2018-10-17
354,000630,铜陵有色,0.06,65.79,3.77,2018-10-17
3336,000631,顺发恒业,0.35,34.62,14.1,2018-10-17
535,000632,三木集团,0.03,665.12,1.2,2018-10-17
3118,000633,合金投资,-0.02,-50.92,-6.02,2018-10-17
2710,000635,英力特,0.29,-17.14,2.96,2018-10-17
567,000638,万方发展,-0.06,-177.76,-1.14,2018-10-17
867,000650,仁和药业,0.32,51.99,12.41,2018-10-17
469,000651,格力电器,3.51,36.58,27.76,2018-10-17
3076,000652,泰达股份,0.05,10.61,1.9,2018-10-17
3405,000656,金科股份,0.4,166.67,11.35,2018-10-17
1566,000657,中钨高新,0.15,-27.18,3.28,2018-10-17
3446,000661,长春高新,4.93,72.38,17.64,2018-10-17
537,000663,永安林业,-0.21,-333.33,-3.21,2018-10-17
3119,000665,湖北广电,0.32,-17.95,3.39,2018-10-17
2990,000666,经纬纺机,0.72,-38.98,6.44,2018-10-17
953,000667,美好置业,0.11,-21.62,4.07,2018-10-17
568,000669,金鸿控股,0.25,-36.84,4.05,2018-10-17
2206,000671,阳光城,0.39,160.0,7.78,2018-10-17
2473,000672,上峰水泥,1.13,101.79,34.5,2018-10-17
54,000673,当代东方,0.12,238.57,4.42,2018-10-17
3424,000676,智度股份,0.6,75.86,10.76,2018-10-17
2945,000677,恒天海龙,0.0,-2.5,1.23,2018-10-17
2219,000678,襄阳轴承,-0.04,-374.67,-0.36,2018-10-17
356,000680,山推股份,0.07,33.98,2.54,2018-10-17
538,000682,东方电子,0.08,123.53,4.66,2018-10-17
956,000686,东北证券,0.12,-55.56,1.75,2018-10-17
2017,000692,惠天热电,-0.56,161.53,-25.65,2018-10-17
2307,000698,沈阳化工,0.12,-42.59,2.29,2018-10-17
1152,000700,模塑科技,0.01,-94.88,0.3,2018-10-17
1878,000701,厦门信达,-0.06,-230.27,-0.81,2018-10-17
3565,000703,恒逸石化,0.97,16.87,16.62,2018-10-17
1922,000708,大冶特钢,0.85,36.61,9.18,2018-10-17
2623,000709,河钢股份,0.32,53.14,7.04,2018-10-17
570,000710,贝瑞基因,0.67,39.19,14.26,2018-10-17
3440,000715,中兴商业,0.22,17.82,4.76,2018-10-17
1463,000717,韶钢松山,1.14,57.52,55.5,2018-10-17
2858,000718,苏宁环球,0.19,7.74,6.98,2018-10-17
2513,000719,中原传媒,0.48,4.35,6.73,2018-10-17
1786,000722,湖南发展,0.17,-15.0,2.79,2018-10-17
3475,000723,美锦能源,0.29,37.98,14.57,2018-10-17
1428,000725,京东方A,0.1,-47.57,3.92,2018-10-17
444,000726,鲁泰A,0.64,0.0,8.08,2018-10-17
219,000729,燕京啤酒,0.22,0.0,4.65,2018-10-17
883,000731,四川美丰,0.36,57.22,7.86,2018-10-17
2023,000732,泰禾集团,1.16,1.12,7.98,2018-10-17
174,000737,*ST南风,-0.3,-35.45,,2018-10-17
2398,000739,普洛药业,0.23,64.29,8.7,2018-10-17
1794,000751,锌业股份,0.04,-55.94,2.26,2018-10-17
3465,000753,漳州发展,0.06,211.11,2.52,2018-10-17
222,000758,中色股份,0.09,-21.42,3.27,2018-10-17
2208,000759,中百集团,0.69,263.16,14.56,2018-10-17
1471,000766,通化金马,0.19,2.88,0.76,2018-10-17
718,000767,漳泽电力,0.06,-119.48,2.6,2018-10-17
1378,000768,中航飞机,0.08,82.79,1.49,2018-10-17
1883,000776,广发证券,0.54,-35.71,4.79,2018-10-17
177,000779,三毛派神,-0.03,-105.42,-1.65,2018-10-17
2143,000780,平庄能源,-0.05,-122.27,-1.16,2018-10-17
1839,000785,武汉中商,0.38,171.43,8.21,2018-10-17
3378,000788,北大医药,0.06,27.4,3.17,2018-10-17
2487,000789,万年青,1.42,272.54,25.12,2018-10-17
2360,000790,泰合健康,0.03,-123.31,1.87,2018-10-17
2767,000791,甘肃电投,0.51,108.36,8.42,2018-10-17
2231,000793,华闻传媒,0.01,-94.64,0.24,2018-10-17
2976,000795,英洛华,0.06,-26.83,3.25,2018-10-17
1330,000796,凯撒旅游,0.38,-9.72,14.52,2018-10-17
3482,000798,中水渔业,0.19,-29.54,8.4,2018-10-17
406,000807,云铝股份,0.04,-75.31,1.11,2018-10-17
2033,000809,铁岭新城,0.01,-65.0,0.37,2018-10-17
2364,000810,创维数字,0.22,369.77,8.18,2018-10-17
2070,000811,冰轮环境,0.3,-9.09,9.12,2018-10-17
1481,000812,陕西金叶,0.03,100.62,1.83,2018-10-17
2233,000813,德展健康,0.33,15.28,14.9,2018-10-17
1390,000815,美利云,0.05,900.0,1.64,2018-10-17
3570,000818,航锦科技,0.48,177.94,12.86,2018-10-17
634,000820,ST节能,-0.2,-141.67,-12.51,2018-10-17
1456,000821,京山轻机,0.5,127.27,13.36,2018-10-17
2822,000822,山东海化,0.53,-10.17,15.55,2018-10-17
1025,000826,启迪桑德,0.54,-37.6,5.12,2018-10-17
455,000829,天音控股,0.01,-75.23,0.29,2018-10-17
34,000830,鲁西化工,1.54,131.98,25.85,2018-10-17
2072,000831,五矿稀土,0.08,116.18,3.88,2018-10-17
330,000833,粤桂股份,0.15,62.6,3.57,2018-10-17
95,000835,长城动漫,-0.06,-156.55,-11.43,2018-10-17
75,000837,秦川机床,-0.03,-322.14,-0.77,2018-10-17
3572,000838,财信发展,0.02,-72.99,1.24,2018-10-17
551,000839,中信国安,0.0,-97.78,0.08,2018-10-17
3392,000848,承德露露,0.36,9.09,17.42,2018-10-17
780,000850,华茂股份,0.14,468.0,3.14,2018-10-17
2637,000852,石化机械,-0.06,-70.99,-2.1,2018-10-17
1612,000858,五粮液,2.47,34.6,16.07,2018-10-17
1957,000860,顺鑫农业,0.94,97.02,7.33,2018-10-17
40,000861,海印股份,0.06,12.6,3.74,2018-10-17
1491,000863,三湘印象,0.08,100.0,1.74,2018-10-17
2236,000868,安凯客车,-0.36,200.0,-25.15,2018-10-17
1398,000869,张裕A,1.12,-5.88,8.35,2018-10-17
650,000878,云南铜业,0.28,75.0,6.65,2018-10-17
425,000881,中广核技,0.18,-18.95,3.47,2018-10-17
1801,000883,湖北能源,0.27,-12.9,6.59,2018-10-17
2157,000886,海南高速,0.16,41.07,5.75,2018-10-17
1052,000887,中鼎股份,0.86,10.26,12.85,2018-10-17
2374,000888,峨眉山A,0.32,11.44,7.49,2018-10-17
1304,000889,中嘉博创,0.26,-9.74,5.9,2018-10-17
100,000892,欢瑞世纪,0.18,-942.11,5.39,2018-10-17
365,000895,双汇发展,1.11,15.91,25.29,2018-10-17
1494,000898,鞍钢股份,0.95,108.59,12.47,2018-10-17
188,000899,赣能股份,0.19,15.61,4.1,2018-10-17
798,000900,现代投资,0.53,22.09,8.96,2018-10-17
428,000901,航天科技,0.09,-55.61,1.46,2018-10-17
3528,000902,新洋丰,0.56,24.44,12.4,2018-10-17
1035,000905,厦门港务,0.04,-76.17,0.85,2018-10-17
2269,000906,浙商中拓,0.26,8.33,9.06,2018-10-17
460,000908,景峰医药,0.13,13.42,4.79,2018-10-17
2076,000910,大亚圣象,0.8,17.65,12.01,2018-10-17
108,000912,泸天化,0.24,-220.0,-30.96,2018-10-17
2411,000915,山大华特,0.61,-33.7,9.02,2018-10-17
1754,000918,嘉凯城,-0.3,-45.45,-11.26,2018-10-17
653,000919,金陵药业,0.24,-16.59,4.56,2018-10-17
2105,000920,南方汇通,0.16,-26.85,7.86,2018-10-17
2448,000921,海信家电,0.86,-32.28,17.3,2018-10-17
1038,000925,众合科技,0.07,-13.49,1.75,2018-10-17
2167,000926,福星股份,0.7,-18.6,6.44,2018-10-17
463,000927,一汽夏利,-0.63,-10.73,,2018-10-17
44,000928,中钢国际,0.22,-12.8,6.09,2018-10-17
759,000931,中关村,0.13,-431.22,5.98,2018-10-17
913,000933,神火股份,0.15,-67.31,4.81,2018-10-17
557,000936,华西股份,0.33,120.0,6.49,2018-10-17
3394,000937,冀中能源,0.24,0.88,4.3,2018-10-17
2451,000939,*ST凯迪,-0.44,-1080.67,-20.12,2018-10-17
2171,000951,中国重汽,1.09,2.83,12.74,2018-10-17
1066,000952,广济药业,0.53,61.04,16.27,2018-10-17
480,000957,中通客车,0.06,-71.43,1.2,2018-10-17
3543,000959,首钢股份,0.4,21.46,8.56,2018-10-17
3347,000960,锡业股份,0.44,20.86,6.43,2018-10-17
3330,000962,东方钽业,0.01,-102.35,0.3,2018-10-17
1043,000969,安泰科技,-0.08,-234.68,-1.79,2018-10-17
2279,000970,中科三环,0.18,-6.88,4.27,2018-10-17
46,000972,ST中基,-0.15,-246.72,-14.23,2018-10-17
121,000976,华铁股份,0.13,-3.33,5.07,2018-10-17
1068,000977,浪潮信息,0.29,22.75,4.99,2018-10-17
1208,000978,桂林旅游,0.22,13.99,5.11,2018-10-17
526,000981,银亿股份,0.21,16.67,4.83,2018-10-17
194,000982,*ST中绒,-0.29,36.29,-31.85,2018-10-17
841,000983,西山煤电,0.48,10.85,8.09,2018-10-17
1900,000985,大庆华科,-0.07,-125.17,-1.78,2018-10-17
284,000989,九芝堂,0.38,-35.08,7.33,2018-10-17
3466,000990,诚志股份,0.52,-2.82,4.03,2018-10-17
466,000993,闽东电力,-0.18,-165.48,-3.75,2018-10-17
1321,000995,*ST皇台,-0.24,-36.84,,2018-10-17
1312,000996,中国中期,0.02,-70.16,1.56,2018-10-17
3404,000997,新大陆,0.47,-20.28,9.45,2018-10-17
1080,000999,华润三九,1.14,16.33,10.86,2018-10-17
1849,001696,宗申动力,0.26,31.89,7.52,2018-10-17
528,001896,豫能控股,-0.27,-418.51,-4.92,2018-10-17
1355,001965,招商公路,0.49,-1.86,6.85,2018-10-17
3348,002001,新和成,1.18,42.17,17.09,2018-10-17
2747,002003,伟星股份,0.4,-16.67,12.52,2018-10-17
288,002004,华邦健康,0.24,4.35,4.98,2018-10-17
679,002005,德豪润达,0.01,-110.91,0.22,2018-10-17
2467,002006,精功科技,0.07,0.57,3.1,2018-10-17
1327,002007,华兰生物,0.82,22.7,15.05,2018-10-17
3277,002011,盾安环境,0.05,-16.67,0.94,2018-10-17
2807,002012,凯恩股份,0.04,-20.0,1.52,2018-10-17
3518,002014,永新股份,0.3,-25.0,8.71,2018-10-17
2880,002015,霞客环保,0.0,-130.0,0.38,2018-10-17
2115,002016,世荣兆业,0.71,45.38,22.92,2018-10-17
1904,002017,东信和平,0.09,4.24,3.22,2018-10-17
2750,002019,亿帆医药,0.59,-25.32,10.59,2018-10-17
3298,002020,京新药业,0.47,19.52,8.94,2018-10-17
1560,002021,中捷资源,0.03,-142.5,2.46,2018-10-17
2830,002022,科华生物,0.39,7.83,9.61,2018-10-17
2334,002023,海特高新,0.06,10.12,1.38,2018-10-17
1093,002027,分众传媒,0.33,2.41,39.36,2018-10-17
3341,002028,思源电气,0.32,33.33,5.35,2018-10-17
1512,002030,达安基因,0.1,-9.09,4.51,2018-10-17
996,002031,巨轮智能,0.02,13.26,1.49,2018-10-17
1908,002033,丽江旅游,0.37,10.5,8.46,2018-10-17
2658,002034,旺能环境,0.54,440.0,6.51,2018-10-17
3179,002035,华帝股份,0.5,-7.41,18.81,2018-10-17
3374,002037,久联发展,0.23,21.05,3.54,2018-10-17
1361,002038,双鹭药业,0.78,36.19,12.13,2018-10-17
3074,002039,黔源电力,0.96,-15.14,11.94,2018-10-17
3056,002040,南京港,0.35,73.87,5.23,2018-10-17
1596,002042,华孚时尚,0.48,-20.0,10.34,2018-10-17
3360,002043,兔宝宝,0.32,3.23,14.51,2018-10-17
1221,002044,美年健康,0.13,44.44,6.63,2018-10-17
3061,002045,国光电器,-0.15,-165.22,-4.44,2018-10-17
2716,002046,轴研科技,0.08,-353.13,1.62,2018-10-17
2886,002047,宝鹰股份,0.23,4.55,7.9,2018-10-17
1527,002048,宁波华翔,0.8,-32.2,6.33,2018-10-17
1914,002049,紫光国微,0.47,35.06,7.94,2018-10-17
3043,002051,中工国际,0.84,9.09,10.88,2018-10-17
3422,002056,横店东磁,0.31,29.17,10.59,2018-10-17
1664,002057,中钢天源,0.28,-23.19,8.25,2018-10-17
1112,002059,云南旅游,0.0,-93.45,0.16,2018-10-17
3246,002060,粤水电,0.07,26.58,3.07,2018-10-17
1772,002062,宏润建设,0.2,17.65,7.87,2018-10-17
2133,002064,华峰氨纶,0.21,23.53,10.05,2018-10-17
2777,002066,瑞泰科技,0.04,8.95,1.97,2018-10-17
3159,002067,景兴纸业,0.33,-26.67,8.88,2018-10-17
3139,002068,黑猫股份,0.6,37.95,13.44,2018-10-17
2201,002069,獐子岛,0.03,-69.72,-0.51,2018-10-17
1668,002073,软控股份,0.08,-12.09,1.69,2018-10-17
2299,002074,国轩高科,0.58,-20.55,7.71,2018-10-17
3540,002075,沙钢股份,0.45,168.62,25.7,2018-10-17
3500,002076,雪莱特,-0.07,-269.49,-5.2,2018-10-17
3201,002077,大港股份,-0.18,-1000.0,-2.75,2018-10-17
3366,002080,中材科技,0.58,-22.33,7.67,2018-10-17
1918,002081,金螳螂,0.6,10.24,13.1,2018-10-17
3467,002085,万丰奥威,0.36,12.5,12.84,2018-10-17
2013,002086,ST东海洋,0.12,-24.54,2.82,2018-10-17
3231,002087,新野纺织,0.39,33.72,9.31,2018-10-17
3426,002088,鲁阳节能,0.66,65.0,12.05,2018-10-17
1459,002089,新海宜,0.08,21.68,5.98,2018-10-17
2852,002090,金智科技,0.34,-26.42,6.61,2018-10-17
2057,002091,江苏国泰,0.47,20.51,10.06,2018-10-17
3343,002092,中泰化学,0.94,-1.69,11.23,2018-10-17
1776,002094,青岛金王,0.31,-69.48,6.04,2018-10-17
2894,002095,生意宝,0.12,50.0,3.74,2018-10-17
3086,002096,南岭民爆,0.07,-25.97,1.23,2018-10-17
3260,002097,山河智能,0.38,150.4,8.89,2018-10-17
3549,002099,海翔药业,0.3,66.67,9.12,2018-10-17
875,002101,广东鸿图,0.54,-30.77,6.39,2018-10-17
3354,002102,ST冠福,0.15,173.76,7.14,2018-10-17
1748,002104,恒宝股份,0.16,-11.11,6.03,2018-10-17
2854,002106,莱宝高科,0.24,79.84,4.55,2018-10-17
3447,002108,沧州明珠,0.22,-46.38,9.52,2018-10-17
2725,002110,三钢闽光,3.17,75.82,34.1,2018-10-17
605,002111,威海广泰,0.47,11.9,6.69,2018-10-17
2139,002112,三变科技,-0.22,-18.52,-12.63,2018-10-17
1924,002113,ST天润,0.03,17.23,1.78,2018-10-17
3493,002114,罗平锌电,-0.43,-386.67,-8.12,2018-10-17
571,002115,三维通信,0.31,507.99,7.8,2018-10-17
3300,002116,中国海诚,0.36,24.14,10.95,2018-10-17
3382,002117,东港股份,0.54,17.7,12.77,2018-10-17
2479,002118,紫鑫药业,0.26,116.67,7.67,2018-10-17
2348,002119,康强电子,0.23,-14.81,8.63,2018-10-17
2763,002120,韵达股份,1.19,22.68,23.83,2018-10-17
1674,002121,科陆电子,0.01,-93.05,0.41,2018-10-17
3283,002122,*ST天马,-0.17,-677.33,-4.44,2018-10-17
2515,002123,梦网集团,0.18,-26.4,3.21,2018-10-17
1247,002124,天邦股份,0.1,-65.53,3.95,2018-10-17
1790,002126,银轮股份,0.35,9.38,8.18,2018-10-17
1734,002131,利欧股份,0.05,-37.5,3.11,2018-10-17
3401,002132,恒星科技,-0.01,-117.5,-0.63,2018-10-17
885,002133,广宇集团,0.42,147.06,10.46,2018-10-17
1466,002137,麦达数字,0.13,26.48,4.44,2018-10-17
3391,002138,顺络电子,0.44,29.41,8.89,2018-10-17
1180,002139,拓邦股份,0.2,-23.08,9.45,2018-10-17
3234,002140,东华科技,0.27,21.27,5.91,2018-10-17
3491,002141,贤丰控股,0.01,31.37,0.58,2018-10-17
622,002143,ST印纪,-0.37,-256.51,-13.54,2018-10-17
2585,002144,宏达高科,0.44,7.32,4.62,2018-10-17
2437,002145,中核钛白,0.2,2.87,10.02,2018-10-17
2629,002146,荣盛发展,0.86,34.38,13.04,2018-10-17
2209,002149,西部材料,0.09,4.17,2.07,2018-10-17
1736,002152,广电运通,0.18,-33.33,4.99,2018-10-17
2228,002154,报喜鸟,0.06,-300.0,2.83,2018-10-17
2527,002155,湖南黄金,0.15,-28.42,3.85,2018-10-17
1885,002156,通富微电,0.14,7.69,2.68,2018-10-17
3522,002157,正邦科技,0.02,-88.24,0.55,2018-10-17
3407,002158,汉钟精机,0.3,19.18,8.87,2018-10-17
3124,002159,三特索道,1.15,1050.0,16.13,2018-10-17
3370,002160,常铝股份,0.04,-75.41,-75.37,2018-10-17
2904,002164,宁波东力,-4.56,-3357.14,-177.49,2018-10-17
1476,002169,智光电气,0.11,0.76,2.99,2018-10-17
726,002170,芭田股份,0.01,-68.12,0.31,2018-10-17
2977,002171,楚江新材,0.3,19.92,8.98,2018-10-17
3237,002172,澳洋健康,0.03,-87.1,1.61,2018-10-17
630,002175,东方网络,-0.14,-316.0,-10.64,2018-10-17
968,002177,御银股份,0.0,-78.92,0.16,2018-10-17
2631,002178,延华智能,0.02,-166.67,1.53,2018-10-17
2734,002179,中航光电,0.89,10.62,13.4,2018-10-17
2966,002182,云海金属,0.38,83.65,15.08,2018-10-17
1292,002184,海得控制,-0.21,-737.15,-4.56,2018-10-17
3468,002186,全聚德,0.42,-3.81,8.41,2018-10-17
2978,002187,广百股份,0.45,7.14,5.74,2018-10-17
71,002188,*ST巴士,-1.68,-580.0,,2018-10-17
3215,002189,利达光电,0.22,175.0,7.7,2018-10-17
638,002191,劲嘉股份,0.36,9.09,8.48,2018-10-17
2149,002192,融捷股份,-0.03,-500.0,-0.9,2018-10-17
3253,002193,如意集团,0.23,76.92,2.28,2018-10-17
2265,002197,证通电子,0.07,75.0,1.31,2018-10-17
3263,002198,嘉应制药,0.03,23.62,2.25,2018-10-17
2366,002199,东晶电子,-0.08,233.78,-4.05,2018-10-17
3315,002201,九鼎新材,0.02,0.0,0.84,2018-10-17
2235,002202,金风科技,0.67,5.49,10.73,2018-10-17
3541,002203,海亮股份,0.41,19.73,12.51,2018-10-17
1196,002204,大连重工,-0.08,-1510.91,-2.3,2018-10-17
3217,002205,国统股份,-0.04,-268.05,-0.51,2018-10-17
3127,002207,ST准油,-0.07,-138.05,-5.02,2018-10-17
3090,002208,合肥城建,0.56,716.01,9.89,2018-10-17
3049,002211,宏达新材,0.03,-26.2,1.83,2018-10-17
249,002212,南洋股份,0.02,-33.33,0.31,2018-10-17
663,002213,特尔佳,0.01,-77.2,0.64,2018-10-17
1959,002214,大立科技,0.07,16.67,3.24,2018-10-17
2368,002215,诺普信,0.32,20.0,14.51,2018-10-17
3418,002216,三全食品,0.11,10.0,4.39,2018-10-17
3317,002217,合力泰,0.38,30.84,11.17,2018-10-17
3287,002218,拓日新能,0.06,-39.8,2.54,2018-10-17
2980,002219,恒康医疗,-0.21,-253.44,-9.68,2018-10-17
1889,002220,天宝食品,0.05,-75.0,1.25,2018-10-17
1752,002222,福晶科技,0.31,24.24,16.04,2018-10-17
3393,002223,鱼跃医疗,0.63,19.06,11.41,2018-10-17
3255,002225,濮耐股份,0.19,280.0,7.03,2018-10-17
2782,002226,江南化工,0.17,70.01,3.85,2018-10-17
1720,002227,奥特迅,-0.04,-688.16,-1.23,2018-10-17
1616,002228,合兴包装,0.41,310.0,19.36,2018-10-17
2378,002231,奥维通信,-0.01,-25.84,-0.69,2018-10-17
2074,002232,启明信息,0.1,109.15,3.71,2018-10-17
3318,002233,塔牌集团,1.05,85.68,14.6,2018-10-17
3103,002234,民和股份,0.46,-147.92,17.18,2018-10-17
2539,002235,安妮股份,0.11,-29.93,2.97,2018-10-17
2407,002236,大华股份,0.54,8.0,14.23,2018-10-17
3131,002239,奥特佳,0.14,70.38,7.9,2018-10-17
3557,002240,威华股份,0.23,519.63,5.95,2018-10-17
2446,002241,歌尔股份,0.26,-40.91,5.64,2018-10-17
3429,002242,九阳股份,0.74,5.71,14.75,2018-10-17
3051,002243,通产丽星,0.15,57.29,3.58,2018-10-17
2271,002245,澳洋顺昌,0.23,-14.26,8.66,2018-10-17
2501,002246,北化股份,0.14,4.75,3.29,2018-10-17
2547,002251,步步高,0.23,7.1,3.06,2018-10-17
1696,002254,泰和新材,0.23,109.09,6.74,2018-10-17
3133,002255,海陆重工,0.16,34.27,3.45,2018-10-17
819,002256,兆新股份,0.04,-20.0,3.75,2018-10-17
2449,002258,利尔化学,0.8,81.82,16.17,2018-10-17
2785,002259,ST升达,-0.05,-428.66,-2.46,2018-10-17
3171,002260,*ST德奥,-0.24,50.0,,2018-10-17
2503,002263,*ST东南,0.0,-134.18,0.23,2018-10-17
3419,002265,西仪股份,0.0,-95.03,0.12,2018-10-17
1586,002267,陕天然气,0.31,34.48,6.23,2018-10-17
2968,002268,卫士通,-0.09,-28.95,-1.73,2018-10-17
3408,002271,东方雨虹,0.74,-24.49,15.32,2018-10-17
657,002272,川润股份,0.18,7104.0,6.22,2018-10-17
2982,002273,水晶光电,0.47,14.63,11.08,2018-10-17
3340,002275,桂林三金,0.62,5.29,13.56,2018-10-17
2743,002276,万马股份,0.06,-23.61,1.68,2018-10-17
3306,002277,友阿股份,0.15,-27.82,4.16,2018-10-17
3379,002278,神开股份,0.04,-300.0,1.36,2018-10-17
1977,002279,久其软件,0.24,14.0,7.39,2018-10-17
3421,002281,光迅科技,0.41,2.5,8.28,2018-10-17
3149,002282,博深工具,0.18,20.0,3.77,2018-10-17
3292,002283,天润曲轴,0.21,5.0,5.87,2018-10-17
2804,002285,世联行,0.18,-30.77,7.19,2018-10-17
2714,002287,奇正藏药,0.61,18.13,12.76,2018-10-17
2814,002290,中科新材,0.32,77.78,6.31,2018-10-17
2773,002291,星期六,0.05,2.91,1.32,2018-10-17
2744,002292,奥飞娱乐,0.05,-77.82,1.33,2018-10-17
1554,002294,信立泰,1.1,4.76,25.93,2018-10-17
2941,002298,中电兴发,0.17,1.21,2.72,2018-10-17
2840,002299,圣农发展,0.65,659.06,12.1,2018-10-17
2561,002300,太阳电缆,0.14,2.93,5.72,2018-10-17
3501,002301,齐心集团,0.22,-4.35,5.6,2018-10-17
3060,002302,西部建设,0.18,76.7,3.5,2018-10-17
1503,002303,美盈森,0.19,18.36,6.72,2018-10-17
2415,002306,*ST云网,-0.02,25.81,,2018-10-17
2651,002307,北新路桥,0.04,-36.94,1.71,2018-10-17
562,002308,威创股份,0.16,-23.81,4.17,2018-10-17
391,002310,东方园林,0.36,12.5,8.31,2018-10-17
2461,002311,海大集团,0.82,12.33,17.98,2018-10-17
1324,002312,三泰控股,-0.11,-137.93,-4.55,2018-10-17
1315,002313,日海智能,0.33,43.48,5.07,2018-10-17
2844,002315,焦点科技,0.27,3.85,3.44,2018-10-17
2041,002316,亚联发展,0.15,-218.17,7.27,2018-10-17
2805,002317,众生药业,0.43,10.26,9.18,2018-10-17
3333,002318,久立特材,0.26,100.0,7.31,2018-10-17
1508,002319,乐通股份,0.01,-78.33,0.45,2018-10-17
3397,002320,海峡股份,0.32,-23.81,5.84,2018-10-17
3450,002322,理工环科,0.37,-11.9,4.67,2018-10-17
3041,002324,普利特,0.24,-59.32,4.16,2018-10-17
394,002326,永太科技,0.49,41.44,14.52,2018-10-17
3457,002327,富安娜,0.34,21.43,6.22,2018-10-17
3073,002328,新朋股份,0.16,0.0,3.0,2018-10-17
3197,002329,皇氏集团,-0.05,-139.01,-1.62,2018-10-17
3309,002330,得利斯,0.01,18.68,0.41,2018-10-17
2670,002332,仙琚制药,0.23,53.33,8.71,2018-10-17
3320,002335,科华恒盛,0.4,-69.23,3.23,2018-10-17
3112,002336,人人乐,0.03,-104.61,0.72,2018-10-17
2815,002338,奥普光电,0.12,-14.29,3.66,2018-10-17
1732,002340,格林美,0.13,30.0,6.52,2018-10-17
2293,002342,巨力索具,0.02,-33.33,0.65,2018-10-17
1523,002343,慈文传媒,0.52,8.33,8.99,2018-10-17
2790,002344,海宁皮城,0.23,15.0,4.0,2018-10-17
2846,002347,泰尔股份,0.03,41.67,1.28,2018-10-17
3461,002348,高乐股份,0.04,-3.2,3.1,2018-10-17
1219,002349,精华制药,0.21,32.69,7.33,2018-10-17
2715,002351,漫步者,0.09,-46.44,3.03,2018-10-17
2706,002353,杰瑞股份,0.38,646.56,4.49,2018-10-17
2659,002355,兴民智通,0.09,-19.12,2.03,2018-10-17
566,002356,赫美集团,-0.47,-228.3,-14.9,2018-10-17
3135,002357,富临运业,0.16,-57.78,4.45,2018-10-17
3094,002358,森源电气,0.45,0.0,8.26,2018-10-17
3268,002359,北讯集团,0.49,80.31,8.43,2018-10-17
3227,002360,同德化工,0.31,82.35,1.07,2018-10-17
3008,002363,隆基机械,0.18,20.0,3.31,2018-10-17
1103,002364,中恒电气,0.16,14.29,3.84,2018-10-17
3444,002365,永安药业,0.52,-14.75,10.4,2018-10-17
2717,002367,康力电梯,0.08,-77.35,1.67,2018-10-17
1529,002369,卓翼科技,0.08,300.0,2.12,2018-10-17
1817,002372,伟星新材,0.5,-9.09,19.4,2018-10-17
689,002374,丽鹏股份,0.03,-76.92,0.72,2018-10-17
1372,002375,亚厦股份,0.23,0.0,4.13,2018-10-17
695,002379,宏创控股,0.01,-76.5,0.66,2018-10-17
3279,002380,科远股份,0.3,2.6,3.54,2018-10-17
3247,002381,双箭股份,0.28,40.0,6.96,2018-10-17
2720,002383,合众思壮,0.35,101.72,6.73,2018-10-17
3398,002384,东山精密,0.42,20.0,8.4,2018-10-17
2135,002385,大北农,0.11,-46.26,4.27,2018-10-17
3044,002388,新亚制程,0.05,-67.72,1.85,2018-10-17
2926,002389,航天彩虹,0.09,-18.18,1.38,2018-10-17
2203,002390,信邦制药,0.16,14.29,4.08,2018-10-17
3458,002391,长青股份,0.71,53.43,8.12,2018-10-17
3229,002392,北京利尔,0.2,109.38,7.32,2018-10-17
2943,002394,联发股份,0.78,14.71,7.9,2018-10-17
2303,002395,双象股份,0.09,93.78,1.98,2018-10-17
2689,002396,星网锐捷,0.69,38.44,11.93,2018-10-17
1876,002397,梦洁股份,0.12,18.06,4.69,2018-10-17
3205,002398,建研集团,0.3,-23.08,8.64,2018-10-17
2892,002400,省广集团,0.08,-20.0,2.91,2018-10-17
3464,002401,中远海科,0.23,35.81,8.42,2018-10-17
2429,002402,和而泰,0.22,23.87,12.62,2018-10-17
2756,002404,嘉欣丝绸,0.18,5.88,6.29,2018-10-17
3141,002405,四维图新,0.17,29.47,3.25,2018-10-17
873,002406,远东传动,0.33,57.14,7.59,2018-10-17
2836,002407,多氟多,0.26,-21.21,5.61,2018-10-17
3439,002408,齐翔腾达,0.39,21.88,10.07,2018-10-17
702,002411,延安必康,0.39,-2.91,6.51,2018-10-17
1144,002412,汉森制药,0.29,30.33,6.84,2018-10-17
1239,002413,雷科防务,0.09,28.57,2.81,2018-10-17
3410,002415,海康威视,0.81,20.12,23.06,2018-10-17
3120,002416,爱施德,0.15,-43.68,3.38,2018-10-17
2570,002417,深南股份,-0.13,-533.33,-9.24,2018-10-17
3261,002418,康盛股份,-0.01,-104.71,-0.35,2018-10-17
3492,002419,天虹股份,0.56,-8.2,10.93,2018-10-17
1281,002420,毅昌股份,-1.05,131.63,-43.51,2018-10-17
1530,002422,科伦药业,0.71,162.96,8.31,2018-10-17
2796,002424,贵州百灵,0.28,12.0,10.6,2018-10-17
3550,002425,凯撒文化,0.23,22.57,4.91,2018-10-17
708,002427,*ST尤夫,0.04,-93.0,0.83,2018-10-17
2975,002428,云南锗业,0.01,133.33,0.61,2018-10-17
1243,002429,兆驰股份,0.08,-27.4,4.13,2018-10-17
1600,002432,九安医疗,-0.16,-19.9,-4.57,2018-10-17
2995,002433,太安堂,0.2,-25.93,3.09,2018-10-17
443,002434,万里扬,0.27,-35.71,5.97,2018-10-17
2624,002435,长江润发,0.34,-32.52,5.27,2018-10-17
3161,002436,兴森科技,0.12,9.09,7.1,2018-10-17
3001,002438,江苏神通,0.13,58.3,3.51,2018-10-17
3497,002440,闰土股份,0.88,4.76,13.84,2018-10-17
3313,002442,龙星化工,0.2,40.73,8.29,2018-10-17
2860,002443,金洲管道,0.21,0.0,5.07,2018-10-17
2517,002444,巨星科技,0.53,35.9,9.03,2018-10-17
3448,002445,ST中南,-0.02,-109.52,-0.55,2018-10-17
1712,002447,晨鑫科技,0.05,-8.2,3.1,2018-10-17
2900,002448,中原内配,0.32,-10.61,7.96,2018-10-17
2996,002449,国星光电,0.62,14.14,11.68,2018-10-17
3252,002450,ST康得新,0.62,16.54,11.51,2018-10-17
3046,002452,长高集团,-0.06,-145.32,-2.47,2018-10-17
3383,002454,松芝股份,0.1,-74.36,2.1,2018-10-17
3441,002456,欧菲光,0.51,36.37,14.08,2018-10-17
87,002459,天业通联,0.03,152.55,1.06,2018-10-17
1188,002460,赣锋锂业,1.01,-25.19,24.66,2018-10-17
3235,002461,珠江啤酒,0.14,-15.42,3.94,2018-10-17
3521,002462,嘉事堂,1.04,30.0,11.19,2018-10-17
3406,002463,沪电股份,0.23,128.9,10.55,2018-10-17
2997,002465,海格通信,0.11,37.5,3.12,2018-10-17
3339,002467,二六三,0.09,12.5,3.75,2018-10-17
3301,002469,三维工程,0.07,-3.29,2.85,2018-10-17
2964,002471,中超控股,0.09,59.87,6.19,2018-10-17
2798,002472,双环传动,0.28,3.7,5.52,2018-10-17
3015,002474,榕基软件,0.05,20.2,2.11,2018-10-17
3384,002475,立讯精密,0.4,17.65,12.04,2018-10-17
3271,002476,宝莫股份,-0.04,-62.78,-2.63,2018-10-17
2401,002477,雏鹰农牧,-0.28,-233.93,-19.18,2018-10-17
3325,002479,富春环保,0.21,-32.67,5.97,2018-10-17
1021,002485,希努尔,0.15,1846.67,3.72,2018-10-17
2965,002487,大金重工,0.08,111.25,2.64,2018-10-17
3531,002488,金固股份,0.19,,3.02,2018-10-17
2069,002489,浙江永强,-0.05,-162.5,-3.54,2018-10-17
3377,002491,通鼎互联,0.37,8.48,9.76,2018-10-17
1386,002492,恒基达鑫,0.13,6.82,4.25,2018-10-17
2403,002493,荣盛石化,0.3,-26.83,10.44,2018-10-17
3213,002494,华斯股份,0.03,-25.83,0.63,2018-10-17
1690,002495,佳隆股份,0.03,42.31,2.71,2018-10-17
3125,002496,辉丰股份,-0.16,-173.39,-6.73,2018-10-17
3089,002497,雅化集团,0.18,7.41,6.73,2018-10-17
2633,002499,科林环保,0.12,-50.98,2.96,2018-10-17
237,002501,利源精制,-0.33,-186.84,-5.07,2018-10-17
453,002503,搜于特,0.18,5.88,10.02,2018-10-17
1295,002505,大康农业,0.01,75.0,0.78,2018-10-17
321,002506,协鑫集成,-0.02,-291.0,-2.48,2018-10-17
2958,002507,涪陵榨菜,0.66,73.68,24.48,2018-10-17
2979,002508,老板电器,1.07,5.94,18.56,2018-10-17
1194,002509,天广中茂,0.1,-41.18,5.02,2018-10-17
1692,002511,中顺洁柔,0.25,-25.75,9.88,2018-10-17
3126,002512,达华智能,-0.37,-645.25,-14.83,2018-10-17
2824,002514,宝馨科技,0.14,77.16,8.6,2018-10-17
2636,002515,金字火腿,0.01,-91.43,0.75,2018-10-17
3167,002516,旷达科技,0.15,-23.87,5.38,2018-10-17
1610,002517,恺英网络,0.23,-68.92,9.83,2018-10-17
3356,002519,银河电子,0.12,-3.0,3.62,2018-10-17
2800,002520,日发精机,0.11,37.5,3.52,2018-10-17
3417,002521,齐峰新材,0.11,-57.69,1.56,2018-10-17
1489,002522,浙江众成,0.04,-42.86,2.07,2018-10-17
3459,002524,光正集团,-0.02,-77.78,-1.42,2018-10-17
2810,002526,山东矿机,0.06,-8.42,4.81,2018-10-17
3219,002527,新时达,0.08,-67.44,1.73,2018-10-17
184,002529,海源复材,0.02,-80.68,0.39,2018-10-17
3091,002530,金财互联,0.22,-25.83,4.28,2018-10-17
3254,002531,天顺风能,0.2,0.0,7.13,2018-10-17
2781,002532,新界泵业,0.22,-12.0,7.97,2018-10-17
1030,002534,杭锅股份,0.26,-46.94,6.39,2018-10-17
3096,002535,林州重机,0.09,129.5,2.49,2018-10-17
3537,002536,西泵股份,0.56,5.66,8.95,2018-10-17
3435,002537,海联金汇,0.23,0.0,4.13,2018-10-17
1845,002538,司尔特,0.26,42.08,5.16,2018-10-17
3403,002539,云图控股,0.14,68.67,4.57,2018-10-17
3101,002540,亚太科技,0.23,10.78,6.06,2018-10-17
2039,002541,鸿路钢构,0.64,25.9,7.95,2018-10-17
2811,002542,中化岩土,0.09,17.49,4.46,2018-10-17
3128,002545,东方铁塔,0.17,64.2,3.05,2018-10-17
2101,002546,新联电子,0.12,36.26,3.64,2018-10-17
2444,002547,春兴精工,0.04,0.0,1.63,2018-10-17
2738,002549,凯美特气,0.11,172.66,7.77,2018-10-17
2906,002550,千红制药,0.17,23.23,8.48,2018-10-17
667,002551,尚荣医疗,0.15,-31.82,4.46,2018-10-17
1054,002552,宝鼎科技,0.08,-900.0,4.21,2018-10-17
3223,002553,南方轴承,0.27,48.62,13.0,2018-10-17
2318,002556,辉隆股份,0.19,11.76,5.96,2018-10-17
1404,002557,洽洽食品,0.6,28.11,9.41,2018-10-17
904,002558,巨人网络,0.49,-5.77,11.14,2018-10-17
807,002562,兄弟科技,0.09,-80.43,3.25,2018-10-17
2828,002563,森马服饰,0.47,23.68,12.18,2018-10-17
3169,002565,顺灏股份,0.09,80.0,2.8,2018-10-17
3400,002566,益盛药业,0.16,20.68,2.91,2018-10-17
669,002567,唐人神,0.15,-43.61,3.42,2018-10-17
3506,002568,百润股份,0.2,25.0,7.04,2018-10-17
2801,002569,步森股份,-0.04,-75.0,-1.14,2018-10-17
756,002572,索菲亚,0.75,20.16,15.1,2018-10-17
3346,002574,明牌珠宝,0.16,0.0,2.69,2018-10-17
654,002577,雷柏科技,0.06,0.0,1.55,2018-10-17
2616,002578,闽发铝业,0.02,-0.43,1.52,2018-10-17
3256,002579,中京电子,0.16,700.0,5.84,2018-10-17
3065,002580,圣阳股份,0.04,-42.86,1.2,2018-10-17
3175,002581,未名医药,0.02,-95.34,0.44,2018-10-17
2908,002582,好想你,0.21,23.53,3.25,2018-10-17
675,002583,海能达,0.07,133.33,2.3,2018-10-17
2510,002584,西陇科学,0.13,18.18,4.39,2018-10-17
3532,002585,双星新材,0.23,88.75,3.48,2018-10-17
1309,002586,围海股份,0.18,143.85,4.16,2018-10-17
3319,002587,奥拓电子,0.2,8.87,10.1,2018-10-17
2321,002588,史丹利,0.17,-19.05,4.63,2018-10-17
2803,002590,万安科技,0.16,-20.0,4.11,2018-10-17
1500,002592,八菱科技,0.05,-86.11,0.63,2018-10-17
2876,002593,日上集团,0.09,50.0,3.36,2018-10-17
831,002594,比亚迪,0.49,-48.96,2.65,2018-10-17
2813,002595,豪迈科技,0.72,7.1,14.23,2018-10-17
2648,002596,海南瑞泽,0.1,-9.09,3.55,2018-10-17
3567,002597,金禾实业,1.34,8.06,20.94,2018-10-17
2912,002598,山东章鼓,0.2,21.87,7.95,2018-10-17
2175,002599,盛通股份,0.22,29.41,4.61,2018-10-17
1067,002600,领益智造,-0.05,-150.0,-3.59,2018-10-17
3225,002601,龙蟒佰利,0.98,2.08,14.39,2018-10-17
3006,002604,*ST龙力,-0.42,-321.05,,2018-10-17
925,002606,大连电瓷,-0.02,-111.07,-0.76,2018-10-17
3331,002608,江苏国信,0.45,4.65,7.87,2018-10-17
1342,002609,捷顺科技,0.08,-59.68,2.2,2018-10-17
3364,002610,爱康科技,0.03,0.0,2.34,2018-10-17
928,002611,东方精工,0.19,-13.64,4.41,2018-10-17
3177,002613,北玻股份,0.08,-408.15,5.26,2018-10-17
1045,002614,奥佳华,0.56,47.37,10.2,2018-10-17
388,002615,哈尔斯,0.2,-23.08,10.03,2018-10-17
3072,002617,露笑科技,0.15,-53.52,6.18,2018-10-17
2842,002620,瑞和股份,0.34,21.07,5.77,2018-10-17
2970,002621,三垒股份,0.04,-50.0,1.15,2018-10-17
1213,002622,融钰集团,0.02,-41.75,1.57,2018-10-17
3332,002623,亚玛顿,0.4,566.67,2.97,2018-10-17
1700,002624,完美世界,1.0,21.95,15.63,2018-10-17
3108,002625,光启技术,0.02,-66.67,0.44,2018-10-17
3449,002627,宜昌交运,0.27,-48.08,4.15,2018-10-17
1726,002629,仁智股份,-0.05,66.67,-3.19,2018-10-17
2183,002631,德尔未来,0.19,0.0,7.76,2018-10-17
3455,002632,道明光学,0.27,92.86,8.81,2018-10-17
2788,002633,申科股份,-0.01,271.43,-0.23,2018-10-17
3054,002634,棒杰股份,0.05,-37.5,3.61,2018-10-17
148,002636,金安国纪,0.33,-39.29,10.11,2018-10-17
2389,002638,勤上股份,0.05,-25.37,1.4,2018-10-17
1702,002640,跨境通,0.54,54.29,12.66,2018-10-17
2702,002642,荣之联,0.01,52.38,0.1,2018-10-17
935,002643,万润股份,0.34,3.03,7.37,2018-10-17
3066,002644,佛慈制药,0.11,10.34,4.12,2018-10-17
3042,002645,华宏科技,0.34,-17.99,7.03,2018-10-17
2918,002646,青青稞酒,0.19,-21.2,3.71,2018-10-17
681,002647,仁东控股,0.05,175.13,3.49,2018-10-17
3266,002648,卫星石化,0.59,-27.34,8.17,2018-10-17
2789,002649,博彦科技,0.33,31.21,7.42,2018-10-17
3055,002650,加加食品,0.09,-19.64,4.9,2018-10-17
3387,002652,扬子新材,0.1,-20.0,6.52,2018-10-17
2674,002653,海思科,0.28,40.0,14.64,2018-10-17
1217,002654,万润科技,0.16,0.0,4.43,2018-10-17
3334,002655,共达电声,0.01,-50.0,0.9,2018-10-17
3321,002656,摩登大道,0.08,-70.75,2.44,2018-10-17
2986,002658,雪迪龙,0.23,21.05,7.23,2018-10-17
2420,002659,凯文教育,-0.14,16.67,-3.22,2018-10-17
2657,002660,茂硕电源,0.03,-62.14,0.85,2018-10-17
3568,002661,克明面业,0.5,68.37,7.49,2018-10-17
2920,002662,京威股份,0.52,160.0,14.27,2018-10-17
684,002663,普邦股份,0.08,4.05,2.7,2018-10-17
3267,002664,长鹰信质,0.5,3.2,9.85,2018-10-17
2791,002665,首航节能,-0.01,-111.33,-0.22,2018-10-17
3310,002667,鞍重股份,0.08,-55.56,2.45,2018-10-17
157,002668,奥马电器,0.25,-64.29,7.42,2018-10-17
2680,002669,康达新材,0.26,20.28,3.39,2018-10-17
1005,002673,西部证券,0.1,-54.55,1.96,2018-10-17
1526,002674,兴业科技,0.18,59.48,2.4,2018-10-17
1912,002675,东诚药业,0.27,35.47,5.92,2018-10-17
3137,002678,珠江钢琴,0.11,-15.38,4.41,2018-10-17
2197,002679,福建金森,0.05,-225.0,1.7,2018-10-17
2832,002681,奋达科技,0.16,-27.18,4.18,2018-10-17
3075,002682,龙洲股份,0.16,-50.0,3.32,2018-10-17
3057,002683,宏大爆破,0.22,44.96,5.18,2018-10-17
3012,002684,猛狮科技,-1.04,-711.76,-24.48,2018-10-17
3010,002685,华东重机,0.34,903.81,7.65,2018-10-17
1107,002686,亿利达,0.17,-27.92,5.02,2018-10-17
3084,002687,乔治白,0.17,30.77,5.83,2018-10-17
3409,002689,远大智能,-0.01,-133.42,-0.84,2018-10-17
2888,002690,美亚光电,0.47,22.34,14.57,2018-10-17
947,002692,远程股份,0.05,-23.69,2.35,2018-10-17
2754,002694,顾地科技,0.03,0.0,1.58,2018-10-17
3504,002697,红旗连锁,0.19,90.0,10.46,2018-10-17
3312,002700,新疆浩源,0.11,-9.25,4.61,2018-10-17
696,002701,奥瑞金,0.3,8.67,12.07,2018-10-17
2973,002702,海欣食品,0.06,-206.3,3.42,2018-10-17
1598,002707,众信旅游,0.25,13.89,8.98,2018-10-17
952,002709,天赐材料,1.39,63.53,17.46,2018-10-17
1823,002712,思美传媒,0.35,-44.44,5.92,2018-10-17
53,002716,金贵银业,0.34,-2.86,5.77,2018-10-17
1458,002718,友邦吊顶,1.08,3.85,8.16,2018-10-17
700,002719,麦趣尔,0.15,-31.82,2.23,2018-10-17
1877,002722,金轮股份,0.56,3.7,5.52,2018-10-17
593,002725,跃岭股份,0.1,-23.08,2.89,2018-10-17
2567,002726,龙大肉食,0.17,-22.73,6.42,2018-10-17
3259,002727,一心堂,0.74,21.42,10.88,2018-10-17
3551,002728,特一药业,0.61,48.78,11.58,2018-10-17
2928,002730,电光科技,0.15,25.0,5.33,2018-10-17
2954,002731,萃华珠宝,0.21,-32.26,2.56,2018-10-17
2015,002732,燕塘乳业,0.41,-38.81,6.81,2018-10-17
3077,002733,雄韬股份,0.21,4.69,3.25,2018-10-17
1747,002734,利民股份,0.54,-20.59,8.73,2018-10-17
3481,002735,王子新材,0.37,-2.63,5.85,2018-10-17
703,002736,国信证券,0.21,-44.74,3.65,2018-10-17
3507,002737,葵花药业,0.76,-9.68,10.89,2018-10-17
1710,002740,爱迪尔,0.12,-33.33,2.7,2018-10-17
3121,002741,光华科技,0.35,83.66,11.33,2018-10-17
3368,002742,三圣股份,0.19,-38.71,5.7,2018-10-17
2434,002743,富煌钢构,0.19,18.75,3.13,2018-10-17
1282,002746,仙坛股份,0.71,97.22,10.0,2018-10-17
2930,002747,埃斯顿,0.08,14.29,4.54,2018-10-17
2253,002748,世龙实业,0.14,-75.46,2.89,2018-10-17
3078,002750,龙津药业,0.04,-52.67,2.24,2018-10-17
3098,002753,永东股份,0.69,8.76,17.28,2018-10-17
1784,002758,华通医药,0.13,-18.75,4.59,2018-10-17
2898,002759,天际股份,0.11,-68.75,1.46,2018-10-17
3554,002761,多喜爱,0.15,109.47,4.36,2018-10-17
3434,002762,金发拉比,0.17,-37.04,6.15,2018-10-17
882,002766,索菱股份,0.15,-42.31,3.42,2018-10-17
2483,002767,先锋电子,0.13,-30.36,2.87,2018-10-17
2947,002770,科迪乳业,0.1,4.77,6.3,2018-10-17
3513,002771,真视通,0.18,-30.77,4.3,2018-10-17
3233,002773,康弘药业,0.75,20.97,13.64,2018-10-17
544,002775,文科园林,0.4,-42.51,9.42,2018-10-17
3514,002776,柏堡龙,0.33,-23.26,5.33,2018-10-17
3087,002777,久远银海,0.36,-35.25,8.35,2018-10-17
3069,002779,中坚科技,0.08,-63.55,1.71,2018-10-17
1286,002780,三夫户外,0.02,-126.14,0.32,2018-10-17
1015,002781,奇信股份,0.66,13.79,8.05,2018-10-17
886,002782,可立克,0.18,88.67,9.3,2018-10-17
3452,002783,凯龙股份,0.3,-34.78,7.08,2018-10-17
1288,002786,银宝山新,0.05,-61.54,1.68,2018-10-17
1470,002787,华源控股,0.19,-29.63,5.34,2018-10-17
3284,002788,鹭燕医药,0.71,-5.33,9.1,2018-10-17
1376,002789,建艺集团,0.57,-35.23,6.52,2018-10-17
1255,002790,瑞尔特,0.44,-41.93,7.65,2018-10-17
2949,002792,通宇通讯,0.26,-51.85,2.43,2018-10-17
3123,002793,东音股份,0.42,-8.7,10.73,2018-10-17
3281,002795,永和智控,0.3,0.0,9.67,2018-10-17
1716,002798,帝欧家居,0.73,98.61,9.85,2018-10-17
3302,002799,环球印务,0.11,4.27,3.06,2018-10-17
405,002800,天顺股份,0.01,-98.6,0.11,2018-10-17
3262,002801,微光股份,0.69,2.99,9.55,2018-10-17
3079,002802,洪汇新材,0.52,4.0,9.09,2018-10-17
3314,002805,丰元股份,0.16,-44.83,2.75,2018-10-17
3099,002806,华锋股份,0.17,28.28,6.02,2018-10-17
1329,002808,恒久科技,0.12,19.26,4.28,2018-10-17
3326,002810,山东赫达,0.5,23.88,8.07,2018-10-17
2868,002811,亚泰国际,0.44,29.41,5.89,2018-10-17
3088,002812,恩捷股份,0.78,2.63,11.0,2018-10-17
2820,002813,路畅科技,-0.23,-321.0,-4.19,2018-10-17
3071,002815,崇达技术,0.53,-33.41,16.33,2018-10-17
3048,002816,和科达,0.07,-34.16,1.27,2018-10-17
2031,002819,东方中科,0.19,63.68,4.75,2018-10-17
1480,002822,中装建设,0.22,15.79,6.37,2018-10-17
1388,002824,和胜股份,0.14,-58.82,3.47,2018-10-17
3345,002825,纳尔股份,0.35,40.0,8.42,2018-10-17
3063,002826,易明医药,0.06,-66.67,1.81,2018-10-17
3327,002827,高争民爆,0.3,-38.78,6.77,2018-10-17
3294,002828,贝肯能源,0.27,-34.15,5.82,2018-10-17
3282,002829,星网宇达,0.13,-45.83,2.41,2018-10-17
1945,002830,名雕股份,0.11,-23.6,2.51,2018-10-17
1843,002832,比音勒芬,1.14,-11.63,13.75,2018-10-17
1024,002833,弘亚数控,1.83,26.21,23.4,2018-10-17
3511,002835,同为股份,0.0,-98.27,0.06,2018-10-17
1048,002836,新宏泽,0.16,-11.11,5.99,2018-10-17
3385,002840,华统股份,0.37,-26.0,8.15,2018-10-17
2087,002841,视源股份,1.31,-12.08,28.52,2018-10-17
3571,002843,泰嘉股份,0.35,17.81,7.81,2018-10-17
2151,002847,盐津铺子,0.44,-2.22,8.85,2018-10-17
972,002848,高斯贝尔,-0.18,-495.06,-4.64,2018-10-17
1028,002851,麦格米特,0.45,-9.94,8.83,2018-10-17
1542,002852,道道全,0.74,-23.71,10.57,2018-10-17
3264,002853,皮阿诺,0.66,34.69,10.69,2018-10-17
3080,002855,捷荣技术,0.13,-18.75,2.59,2018-10-17
3316,002857,三晖电气,0.12,-38.21,3.66,2018-10-17
741,002858,力盛赛车,0.08,39.0,2.62,2018-10-17
2531,002859,洁美科技,0.8,50.7,14.32,2018-10-17
649,002863,今飞凯达,0.15,-25.0,6.04,2018-10-17
789,002864,盘龙药业,0.53,4.67,8.05,2018-10-17
3050,002867,周大生,1.23,33.74,16.38,2018-10-17
258,002868,绿康生化,0.5,-27.54,8.34,2018-10-17
3376,002869,金溢科技,-0.02,-103.57,-0.24,2018-10-17
3081,002871,伟隆股份,0.45,-39.19,9.15,2018-10-17
1303,002872,天圣制药,0.46,-47.61,4.55,2018-10-17
2937,002873,新天药业,0.82,-21.46,9.93,2018-10-17
3288,002875,安奈儿,0.43,-18.87,6.98,2018-10-17
3239,002877,智能自控,0.18,-49.3,6.29,2018-10-17
3221,002878,元隆雅图,0.53,-32.91,12.36,2018-10-17
3129,002880,卫光生物,1.0,-15.97,8.81,2018-10-17
2598,002881,美格智能,0.16,-44.46,5.67,2018-10-17
3428,002883,中设股份,0.46,-38.67,9.89,2018-10-17
2740,002884,凌霄泵业,1.28,-39.05,12.6,2018-10-17
3304,002885,京泉华,0.69,-13.75,9.27,2018-10-17
414,002886,沃特股份,0.2,-42.86,3.68,2018-10-17
3082,002888,惠威科技,0.22,-33.33,4.19,2018-10-17
2939,002890,弘宇股份,0.41,-43.06,5.22,2018-10-17
3289,002891,中宠股份,0.42,-44.74,5.88,2018-10-17
3275,002892,科力尔,0.58,-9.25,8.29,2018-10-17
2410,002893,华通热力,0.15,-61.54,2.98,2018-10-17
3295,002897,意华股份,0.37,-46.38,5.67,2018-10-17
813,002898,赛隆药业,0.3,2.03,7.45,2018-10-17
3350,002899,英派斯,0.38,-43.28,4.72,2018-10-17
3052,002901,大博医疗,0.71,31.48,21.54,2018-10-17
3145,002902,铭普光磁,0.11,-80.54,1.44,2018-10-17
2273,002903,宇环数控,0.28,-68.35,6.85,2018-10-17
462,002905,金逸影视,0.51,-54.93,7.17,2018-10-17
3193,002907,华森制药,0.28,7.69,14.67,2018-10-17
2940,002908,德生科技,0.25,-34.63,5.17,2018-10-17
2961,002909,集泰股份,0.06,-84.39,2.26,2018-10-17
3021,002913,奥士康,1.28,23.08,9.09,2018-10-17
3296,002915,中欣氟材,0.23,-45.31,5.58,2018-10-17
2646,002918,蒙娜丽莎,1.13,-43.5,11.43,2018-10-17
3037,002919,名臣健康,0.31,-47.46,4.69,2018-10-17
2910,002920,德赛西威,0.61,-41.35,8.86,2018-10-17
3093,002921,联诚精密,0.49,-19.16,5.96,2018-10-17
3265,002922,伊戈尔,0.26,-54.85,3.78,2018-10-17
3224,002923,润都股份,0.69,-4.17,9.94,2018-10-17
3053,002925,盈趣科技,1.36,-30.61,18.98,2018-10-17
2962,002927,泰永长征,0.4,-6.88,7.5,2018-10-17
1418,002928,华夏航空,0.51,-43.52,10.79,2018-10-17
3241,002929,润建通信,0.67,-24.04,10.73,2018-10-17
3059,002930,宏川智慧,0.35,-10.26,4.98,2018-10-17
3106,002932,明德生物,0.89,-4.3,14.37,2018-10-17
3372,002933,新兴装备,0.98,1.03,10.55,2018-10-17
3352,002935,天奥电子,0.39,7.4,4.76,2018-10-17
280,002938,鹏鼎控股,0.75,70.45,11.68,2018-10-17
3358,002940,昂利康,1.47,26.72,24.19,2018-10-17
13,002941,新疆交建,0.59,63.89,19.46,2018-10-17
11,002942,新农股份,1.21,86.15,34.22,2018-10-17
5,002946,新乳业,0.23,4.55,13.0,2018-10-17
2,002947,恒铭达,0.94,51.45,18.42,2018-10-17
1760,300001,特锐德,0.14,0.0,4.72,2018-10-17
2109,300003,乐普医疗,0.64,54.61,17.65,2018-10-17
1898,300004,南风股份,0.03,-88.46,0.42,2018-10-17
2650,300005,探路者,0.03,-68.83,0.99,2018-10-17
3413,300006,莱美药业,0.12,63.7,5.79,2018-10-17
1624,300007,汉威科技,0.31,24.0,6.3,2018-10-17
677,300008,天海防务,-1.38,-814.29,-67.04,2018-10-17
1311,300011,鼎汉技术,0.06,45.95,1.25,2018-10-17
3151,300012,华测检测,0.1,62.33,6.28,2018-10-17
1848,300015,爱尔眼科,0.38,-8.69,16.53,2018-10-17
3427,300016,北陆药业,0.26,-18.64,11.22,2018-10-17
1506,300017,网宿科技,0.25,6.18,7.46,2018-10-17
1353,300018,中元股份,0.01,-94.0,0.21,2018-10-17
2111,300019,硅宝科技,0.06,-39.18,2.73,2018-10-17
2416,300020,银江股份,0.02,-89.47,0.38,2018-10-17
2654,300021,大禹节水,0.07,16.67,3.89,2018-10-17
2285,300024,机器人,0.21,16.67,5.4,2018-10-17
1326,300026,红日药业,0.15,0.0,7.07,2018-10-17
1658,300028,金亚科技,0.1,-219.68,18.78,2018-10-17
2971,300030,阳普医疗,0.05,0.0,1.58,2018-10-17
1852,300031,宝通科技,0.56,38.68,9.36,2018-10-17
3472,300034,钢研高纳,0.16,56.92,4.67,2018-10-17
856,300035,中科电气,0.14,77.44,6.23,2018-10-17
3536,300036,超图软件,0.24,50.0,5.76,2018-10-17
3067,300037,新宙邦,0.56,3.7,8.18,2018-10-17
1811,300038,数知科技,0.47,-56.55,5.46,2018-10-17
2189,300040,九洲电气,0.16,-44.83,2.91,2018-10-17
3437,300042,朗科科技,0.32,16.73,4.64,2018-10-17
2082,300043,星辉娱乐,0.17,-15.0,8.08,2018-10-17
3389,300045,华力创通,0.08,61.66,3.5,2018-10-17
2676,300046,台基股份,0.35,-6.45,8.66,2018-10-17
3244,300047,天源迪科,0.2,111.68,2.73,2018-10-17
1511,300049,福瑞股份,0.22,10.0,3.85,2018-10-17
2704,300051,三五互联,0.06,-60.0,2.09,2018-10-17
939,300052,中青宝,0.13,85.71,4.32,2018-10-17
2753,300054,鼎龙股份,0.24,0.0,6.2,2018-10-17
2922,300055,万邦达,0.28,-19.06,4.08,2018-10-17
3000,300056,三维丝,-0.1,-79.66,-2.84,2018-10-17
1359,300057,万顺股份,0.16,2.72,2.9,2018-10-17
3199,300059,东方财富,0.16,45.14,5.31,2018-10-17
2051,300063,天龙集团,0.15,-9.23,5.52,2018-10-17
3322,300066,三川智慧,0.08,30.39,5.34,2018-10-17
2125,300068,南都电源,0.5,8.7,6.99,2018-10-17
945,300069,金利华电,-0.1,-161.29,-2.35,2018-10-17
2661,300070,碧水源,0.18,-23.21,3.13,2018-10-17
1269,300071,华谊嘉信,0.06,-70.0,4.77,2018-10-17
2007,300074,华平股份,-0.01,-127.8,-0.37,2018-10-17
1564,300078,思创医惠,0.13,0.52,5.16,2018-10-17
2687,300079,数码科技,0.06,-0.49,2.35,2018-10-17
1874,300080,易成新能,0.12,-120.42,3.33,2018-10-17
1770,300082,奥克股份,0.37,58.44,8.56,2018-10-17
573,300083,劲胜智能,-0.07,-124.14,-1.84,2018-10-17
2131,300084,海默科技,-0.06,-1096.83,-1.36,2018-10-17
949,300085,银之杰,0.01,-86.92,0.28,2018-10-17
3157,300087,荃银高科,-0.1,43.29,-5.69,2018-10-17
1642,300088,长信科技,0.26,32.91,13.33,2018-10-17
868,300089,文化长城,0.3,156.97,6.43,2018-10-17
1666,300093,金刚玻璃,0.07,3.44,1.59,2018-10-17
2848,300094,国联水产,0.29,107.14,10.96,2018-10-17
2055,300095,华伍股份,0.11,0.36,3.23,2018-10-17
2394,300096,易联众,-0.04,-67.35,-2.39,2018-10-17
3033,300098,高新兴,0.23,-15.52,7.43,2018-10-17
1825,300103,达刚路机,0.1,-31.58,3.35,2018-10-17
870,300105,龙源技术,-0.01,,-0.32,2018-10-17
3230,300107,建新股份,0.9,1333.33,40.14,2018-10-17
2220,300110,华仁药业,0.02,4.26,1.38,2018-10-17
1136,300111,向日葵,-0.23,-2443.0,-22.16,2018-10-17
1235,300112,万讯自控,0.16,-5.88,4.87,2018-10-17
3564,300114,中航电测,0.22,28.77,8.75,2018-10-17
2433,300117,嘉寓股份,0.08,-20.0,4.07,2018-10-17
2758,300119,瑞普生物,0.26,3.44,5.36,2018-10-17
1651,300120,经纬辉开,0.24,184.95,5.13,2018-10-17
874,300121,阳谷华泰,0.92,103.76,23.17,2018-10-17
3505,300122,智飞生物,0.68,280.87,31.85,2018-10-17
1462,300125,易世达,0.15,1400.0,3.29,2018-10-17
2221,300126,锐奇股份,-0.07,-1333.33,-2.18,2018-10-17
2059,300127,银河磁体,0.38,-17.39,10.21,2018-10-17
1879,300128,锦富技术,-0.01,-135.28,-0.75,2018-10-17
3474,300131,英唐智控,0.15,28.55,8.95,2018-10-17
2576,300132,青松股份,0.69,268.81,31.77,2018-10-17
961,300133,华策影视,0.2,11.11,5.07,2018-10-17
1831,300135,宝利国际,0.04,17.14,3.11,2018-10-17
3516,300136,信维通信,0.88,19.67,27.15,2018-10-17
880,300137,先河环保,0.27,-1.46,8.68,2018-10-17
1464,300141,和顺电气,,,0.11,2018-10-17
3270,300143,星普医科,0.12,-73.09,2.93,2018-10-17
1881,300144,宋城演艺,0.79,25.4,14.67,2018-10-17
3490,300145,中金环境,0.26,-29.29,10.37,2018-10-17
1788,300146,汤臣倍健,0.72,30.91,19.74,2018-10-17
608,300147,香雪制药,0.14,31.58,2.65,2018-10-17
1926,300149,量子生物,0.25,112.9,8.82,2018-10-17
1833,300151,昌红科技,0.09,74.8,5.18,2018-10-17
2932,300152,科融环境,-0.37,-2923.08,-14.29,2018-10-17
1534,300153,科泰电源,0.06,-8.33,1.82,2018-10-17
2350,300155,安居宝,0.05,400.0,2.54,2018-10-17
1574,300158,振东制药,0.06,-87.25,1.1,2018-10-17
2521,300159,新研股份,0.22,26.6,4.89,2018-10-17
1882,300160,秀强股份,0.14,-37.0,6.29,2018-10-17
3324,300162,雷曼股份,0.04,-38.89,1.35,2018-10-17
620,300163,先锋新材,-0.32,-3300.0,-24.13,2018-10-17
1434,300164,通源石油,0.23,854.29,6.17,2018-10-17
1837,300167,迪威迅,-0.1,3796.15,-2.4,2018-10-17
1016,300168,万达信息,0.15,36.36,5.16,2018-10-17
887,300169,天晟新材,0.01,11.54,0.32,2018-10-17
2485,300170,汉得信息,0.28,23.74,9.22,2018-10-17
2356,300171,东富龙,0.1,-40.94,2.18,2018-10-17
3189,300172,中电环保,0.19,18.75,7.95,2018-10-17
1653,300173,智慧松德,0.05,-49.5,1.26,2018-10-17
722,300174,元力股份,0.34,149.41,13.68,2018-10-17
2065,300175,朗源股份,0.1,-10.92,5.37,2018-10-17
1257,300176,派生科技,1.0,-61.77,31.01,2018-10-17
1442,300180,华峰超纤,0.24,-36.84,5.56,2018-10-17
2819,300181,佐力药业,0.04,-49.64,3.8,2018-10-17
1841,300183,东软载波,0.25,-39.8,4.32,2018-10-17
2027,300187,永清环保,0.03,-76.11,1.22,2018-10-17
2362,300188,美亚柏科,0.06,-54.89,2.02,2018-10-17
2068,300189,神农基因,0.03,-369.92,2.38,2018-10-17
1384,300192,科斯伍德,0.35,465.97,11.48,2018-10-17
1332,300193,佳士科技,0.28,33.33,5.98,2018-10-17
1450,300197,铁汉生态,0.16,-46.67,5.88,2018-10-17
2440,300198,纳川股份,0.01,-83.82,0.35,2018-10-17
2779,300199,翰宇药业,0.32,28.0,7.43,2018-10-17
2733,300200,高盟新材,0.26,22.31,4.51,2018-10-17
1022,300201,海伦哲,0.05,-28.4,3.57,2018-10-17
1538,300202,聚龙股份,0.07,-16.37,2.04,2018-10-17
3100,300207,欣旺达,0.3,25.0,9.99,2018-10-17
1886,300209,天泽信息,-0.07,-129.72,-1.05,2018-10-17
771,300213,佳讯飞鸿,0.11,12.71,3.51,2018-10-17
1948,300214,日科化学,0.2,5.26,5.35,2018-10-17
2780,300215,电科院,0.12,0.0,4.59,2018-10-17
2214,300218,安利股份,0.02,-214.39,0.34,2018-10-17
3553,300220,金运激光,0.08,-30.87,3.93,2018-10-17
1297,300221,银禧科技,0.06,-80.89,1.36,2018-10-17
1486,300222,科大智能,0.32,10.34,5.36,2018-10-17
2234,300223,北京君正,0.1,151.46,1.83,2018-10-17
640,300228,富瑞特装,-0.08,-178.73,-2.23,2018-10-17
2091,300229,拓尔思,0.1,-27.81,2.46,2018-10-17
974,300230,永利股份,0.43,-10.02,12.21,2018-10-17
1718,300232,洲明科技,0.42,22.45,16.52,2018-10-17
1614,300233,金城医药,0.6,22.45,5.95,2018-10-17
2153,300234,开尔新材,-0.01,-174.0,-0.22,2018-10-17
3546,300235,方直科技,0.12,74.65,3.53,2018-10-17
1740,300237,美晨生态,0.27,-41.41,11.49,2018-10-17
3402,300238,冠昊生物,0.1,-47.37,2.13,2018-10-17
1578,300239,东宝生物,0.05,45.86,3.07,2018-10-17
3274,300240,飞力达,0.11,-38.89,3.6,2018-10-17
1204,300241,瑞丰光电,0.19,-38.75,7.87,2018-10-17
2099,300245,天玑科技,0.16,-17.4,3.63,2018-10-17
1803,300248,新开普,0.04,-72.75,1.42,2018-10-17
3303,300249,依米康,0.13,63.47,7.69,2018-10-17
3559,300250,初灵信息,0.26,13.04,3.52,2018-10-17
2499,300251,光线传媒,0.78,263.68,25.09,2018-10-17
1305,300253,卫宁健康,0.12,43.43,6.92,2018-10-17
1580,300255,常山药业,0.17,21.43,6.66,2018-10-17
1402,300256,星星科技,0.07,-29.29,2.12,2018-10-17
2406,300257,开山股份,0.11,40.27,2.64,2018-10-17
3337,300258,精锻科技,0.57,25.68,13.04,2018-10-17
1753,300259,新天科技,0.09,-50.0,5.76,2018-10-17
2103,300261,雅本化学,0.12,32.55,25.97,2018-10-17
980,300262,巴安水务,0.23,-23.2,6.96,2018-10-17
3552,300263,隆华科技,0.1,87.27,3.5,2018-10-17
1036,300265,通光线缆,0.09,-57.14,3.15,2018-10-17
2163,300266,兴源环境,0.1,-77.27,3.38,2018-10-17
1059,300267,尔康制药,0.14,-46.38,5.36,2018-10-17
1307,300269,联建光电,0.31,-44.45,3.84,2018-10-17
1582,300271,华宇软件,0.41,16.28,7.86,2018-10-17
1408,300272,开能健康,0.68,336.87,33.26,2018-10-17
910,300273,和佳股份,0.11,17.47,3.36,2018-10-17
1694,300275,梅安森,0.09,-51.58,2.75,2018-10-17
2870,300276,三丰智能,0.36,1551.83,6.41,2018-10-17
2607,300277,海联讯,-0.0,-60.91,-0.31,2018-10-17
2244,300278,华昌达,0.01,-92.67,,2018-10-17
2741,300280,紫天科技,0.38,448.34,8.42,2018-10-17
1039,300281,金明精机,0.08,-39.0,2.74,2018-10-17
1548,300282,三盛教育,0.34,3.96,3.54,2018-10-17
1063,300283,温州宏丰,0.04,300.0,3.13,2018-10-17
3520,300285,国瓷材料,0.63,117.47,16.17,2018-10-17
2320,300287,飞利信,0.17,-26.09,4.12,2018-10-17
2553,300288,朗玛信息,0.23,-75.0,6.22,2018-10-17
916,300289,利德曼,0.15,11.77,4.58,2018-10-17
3484,300291,华录百纳,-0.43,-395.56,-5.55,2018-10-17
655,300292,吴通控股,0.1,-23.08,4.49,2018-10-17
827,300293,蓝英装备,0.05,-37.5,1.78,2018-10-17
2812,300294,博雅生物,0.68,21.43,9.33,2018-10-17
1621,300297,蓝盾股份,0.19,5.56,5.49,2018-10-17
1550,300298,三诺生物,0.49,-13.29,10.36,2018-10-17
1975,300299,富春股份,0.05,-63.9,2.78,2018-10-17
2786,300300,汉鼎宇佑,0.2,112.75,6.12,2018-10-17
1750,300301,长方集团,0.01,-85.07,0.21,2018-10-17
3480,300302,同有科技,0.06,40.14,3.18,2018-10-17
1502,300307,慈星股份,0.19,-24.0,3.78,2018-10-17
1339,300308,中际旭创,1.01,114.89,11.29,2018-10-17
2984,300309,吉艾科技,0.35,66.67,10.09,2018-10-17
2454,300310,宜通世纪,-0.64,-436.84,-17.51,2018-10-17
2914,300313,天山生物,0.18,856.84,3.43,2018-10-17
2283,300314,戴维医疗,0.13,-25.34,4.71,2018-10-17
1310,300317,珈伟新能,0.01,-95.84,0.23,2018-10-17
3307,300318,博晖创新,0.03,7.6,1.56,2018-10-17
1074,300320,海达股份,0.22,14.42,10.05,2018-10-17
2387,300321,同大股份,0.2,20.56,2.99,2018-10-17
1698,300323,华灿光电,0.51,15.91,9.83,2018-10-17
1349,300324,旋极信息,0.21,-15.26,6.98,2018-10-17
2696,300325,德威新材,0.02,-33.33,1.7,2018-10-17
1809,300328,宜安科技,0.11,84.74,4.59,2018-10-17
1627,300329,海伦钢琴,0.17,34.09,4.87,2018-10-17
1556,300330,华虹计通,-0.1,287.45,-4.62,2018-10-17
2459,300331,苏大维格,0.28,3.7,4.38,2018-10-17
1656,300334,津膜科技,0.02,466.67,0.31,2018-10-17
1082,300336,新文化,0.28,-26.16,7.25,2018-10-17
2417,300342,天银机电,0.23,-30.3,7.19,2018-10-17
1630,300345,红宇新材,-0.14,-19500.0,-8.54,2018-10-17
1989,300347,泰格医药,0.64,58.66,12.14,2018-10-17
2327,300351,永贵电器,0.3,-4.57,4.05,2018-10-17
1084,300352,北信源,0.02,34.1,1.51,2018-10-17
1510,300355,蒙草生态,0.2,-55.56,8.75,2018-10-17
2985,300357,我武生物,0.65,-29.17,22.02,2018-10-17
2419,300358,楚天科技,0.14,-44.0,2.83,2018-10-17
1730,300360,炬华科技,0.31,-6.06,6.11,2018-10-17
2191,300363,博腾股份,0.23,34.32,5.63,2018-10-17
1522,300364,中文在线,0.05,-0.96,1.19,2018-10-17
2335,300365,恒华科技,0.28,-32.19,6.79,2018-10-17
2678,300369,绿盟科技,-0.06,-25.37,-1.52,2018-10-17
1868,300370,安控科技,-0.01,-140.45,-0.61,2018-10-17
1513,300373,扬杰科技,0.5,16.28,9.84,2018-10-17
3462,300375,鹏翎股份,0.23,-51.05,5.24,2018-10-17
1910,300376,易事特,0.24,4.35,12.0,2018-10-17
1815,300378,鼎捷软件,0.21,5.0,4.53,2018-10-17
2950,300380,安硕信息,0.1,702.46,3.28,2018-10-17
2001,300381,溢多利,0.18,71.42,3.78,2018-10-17
1660,300384,三联虹普,0.35,-24.7,6.84,2018-10-17
2972,300386,飞天诚信,0.18,38.46,4.57,2018-10-17
1872,300387,富邦股份,0.22,-53.98,5.98,2018-10-17
3293,300390,天华超净,0.11,57.14,4.4,2018-10-17
3183,300394,天孚通信,0.48,6.62,10.57,2018-10-17
2216,300396,迪瑞医疗,0.57,-35.1,12.16,2018-10-17
2009,300397,天和防务,-0.31,-358.66,-6.2,2018-10-17
2793,300398,飞凯材料,0.6,328.57,12.5,2018-10-17
3311,300400,劲拓股份,0.3,42.86,13.69,2018-10-17
3390,300401,花园生物,0.47,-17.54,16.27,2018-10-17
1118,300402,宝色股份,0.02,-171.16,0.51,2018-10-17
2393,300403,汉宇集团,0.21,-47.6,8.33,2018-10-17
1774,300405,科隆股份,0.07,-54.74,1.1,2018-10-17
2712,300407,凯发电气,0.02,-90.91,0.53,2018-10-17
951,300408,三环集团,0.54,31.71,14.4,2018-10-17
1275,300410,正业科技,0.85,11.84,7.84,2018-10-17
1645,300411,金盾股份,0.13,-38.91,1.86,2018-10-17
2202,300412,迦南科技,0.1,-41.18,3.41,2018-10-17
2344,300414,中光防雷,0.19,5.68,4.03,2018-10-17
2301,300417,南华仪器,0.23,-29.89,4.48,2018-10-17
1233,300419,浩丰科技,0.04,-66.67,1.07,2018-10-17
2723,300421,力星股份,0.41,2.21,4.59,2018-10-17
2992,300423,鲁亿通,1.23,712.42,13.85,2018-10-17
2427,300424,航新科技,0.18,7.45,4.76,2018-10-17
1827,300426,唐德影视,0.25,-16.67,8.04,2018-10-17
2770,300428,四通新材,0.2,-31.03,8.34,2018-10-17
1460,300432,富临精工,0.24,-61.13,3.02,2018-10-17
1570,300433,蓝思科技,0.27,-20.84,6.24,2018-10-17
2511,300434,金石东方,0.3,57.89,2.6,2018-10-17
2808,300435,中泰股份,0.24,20.0,7.43,2018-10-17
1778,300437,清水源,0.7,262.5,12.17,2018-10-17
597,300438,鹏辉能源,0.96,35.21,12.6,2018-10-17
2137,300439,美康生物,0.57,24.15,9.53,2018-10-17
3432,300441,鲍斯股份,0.2,-37.68,8.88,2018-10-17
2760,300442,普丽盛,-0.1,-1100.0,-1.0,2018-10-17
877,300444,双杰电气,0.35,245.7,14.84,2018-10-17
3232,300446,乐凯新材,0.57,2.46,12.13,2018-10-17
2946,300448,浩云科技,0.06,-14.29,2.17,2018-10-17
707,300449,汉邦高科,0.19,1800.0,2.35,2018-10-17
2974,300450,先导智能,0.62,-8.52,19.98,2018-10-17
2994,300455,康拓红外,0.08,-20.23,5.23,2018-10-17
2435,300456,耐威科技,0.3,107.59,5.7,2018-10-17
2778,300457,赢合科技,0.6,33.42,9.84,2018-10-17
1283,300458,全志科技,0.44,2488.24,6.92,2018-10-17
1532,300460,惠伦晶体,0.06,-14.29,1.51,2018-10-17
2764,300463,迈克生物,0.64,20.75,13.4,2018-10-17
1677,300464,星徽精密,0.01,-90.0,0.33,2018-10-17
712,300465,高伟达,0.06,100.0,2.24,2018-10-17
1172,300466,赛摩电气,0.05,18.81,1.88,2018-10-17
2396,300467,迅游科技,0.76,153.33,25.65,2018-10-17
611,300470,日机密封,0.64,-12.25,11.88,2018-10-17
3280,300471,厚普股份,-0.41,-335.23,-9.66,2018-10-17
1928,300472,新元科技,0.15,150.0,1.94,2018-10-17
2627,300473,德尔股份,1.46,64.98,8.49,2018-10-17
1285,300474,景嘉微,0.37,5.71,9.67,2018-10-17
1014,300475,聚隆科技,0.12,-52.04,2.04,2018-10-17
1536,300476,胜宏科技,0.42,-17.65,11.55,2018-10-17
3185,300479,神思电子,0.04,-44.65,1.35,2018-10-17
1683,300480,光力科技,0.12,13.71,3.57,2018-10-17
2956,300481,濮阳惠成,0.34,-1.62,12.11,2018-10-17
3211,300484,蓝海华腾,0.07,-86.93,1.98,2018-10-17
624,300486,东杰智能,0.3,28.26,5.1,2018-10-17
1930,300488,恒锋工具,0.84,15.07,9.63,2018-10-17
2630,300489,中飞股份,0.01,-92.72,0.1,2018-10-17
1714,300490,华自科技,0.2,56.25,3.62,2018-10-17
2259,300492,山鼎设计,0.15,82.41,3.95,2018-10-17
3191,300495,美尚生态,0.35,36.68,6.84,2018-10-17
1472,300496,中科创达,0.26,43.31,7.69,2018-10-17
1576,300497,富祥股份,0.78,-39.06,16.85,2018-10-17
3236,300499,高澜股份,0.29,31.82,5.47,2018-10-17
1686,300501,海顺新材,0.51,-27.45,8.32,2018-10-17
2587,300503,昊志机电,0.18,-10.0,5.84,2018-10-17
2438,300504,天邑股份,0.53,-40.59,9.08,2018-10-17
3375,300508,维宏股份,0.04,-96.94,0.67,2018-10-17
2489,300509,新美星,0.32,-27.27,6.38,2018-10-17
3415,300511,雪榕生物,0.31,-15.35,9.2,2018-10-17
1478,300512,中亚股份,0.55,6.49,10.07,2018-10-17
2232,300513,恒实科技,0.5,964.74,4.99,2018-10-17
1334,300515,三德科技,0.15,46.88,6.57,2018-10-17
1688,300517,海波重科,0.22,4.76,3.54,2018-10-17
632,300518,盛讯达,0.03,-94.13,0.28,2018-10-17
1744,300519,新光药业,0.41,-11.91,9.19,2018-10-17
1942,300520,科大国创,0.1,-350.0,3.48,2018-10-17
2735,300522,世名科技,0.5,24.3,9.79,2018-10-17
1294,300528,幸福蓝海,0.28,55.56,5.28,2018-10-17
3018,300529,健帆生物,0.74,51.02,20.04,2018-10-17
2957,300530,达志科技,0.62,-1.59,8.86,2018-10-17
1394,300531,优博讯,0.35,133.33,15.36,2018-10-17
777,300536,农尚环境,0.25,3.69,7.8,2018-10-17
1951,300537,广信材料,0.19,-32.14,2.82,2018-10-17
2635,300538,同益股份,0.3,57.89,6.24,2018-10-17
2737,300539,横河模具,0.06,-53.85,3.27,2018-10-17
1540,300541,先进数通,0.13,-18.29,3.04,2018-10-17
2493,300542,新晨科技,0.07,-40.57,1.77,2018-10-17
3058,300545,联得装备,0.49,-18.33,13.02,2018-10-17
3286,300547,川环科技,1.12,-8.09,12.86,2018-10-17
1200,300549,优德精密,0.27,-40.0,6.22,2018-10-17
644,300552,万集科技,-0.15,-236.36,-2.14,2018-10-17
2592,300553,集智股份,0.38,1.61,5.65,2018-10-17
2240,300554,三超新材,0.68,-23.35,12.65,2018-10-17
1799,300556,丝路视觉,0.36,227.27,9.68,2018-10-17
3005,300558,贝达药业,0.37,-27.45,7.02,2018-10-17
1300,300561,汇金科技,0.09,-83.02,2.34,2018-10-17
2959,300563,神宇股份,0.42,2.82,7.29,2018-10-17
2981,300565,科信技术,0.1,-60.0,2.78,2018-10-17
2405,300566,激智科技,0.34,-27.66,7.29,2018-10-17
795,300570,太辰光,0.47,37.81,9.31,2018-10-17
2643,300572,安车检测,1.03,13.95,15.67,2018-10-17
1722,300573,兴齐眼药,0.17,-67.31,2.4,2018-10-17
1034,300575,中旗股份,1.82,68.52,12.52,2018-10-17
666,300576,容大感光,0.26,0.0,7.36,2018-10-17
744,300581,晨曦航空,0.19,-25.06,5.58,2018-10-17
2543,300582,英飞特,0.26,73.33,5.5,2018-10-17
3240,300583,赛托生物,0.92,112.34,5.72,2018-10-17
1745,300587,天铁股份,0.4,-13.04,4.78,2018-10-17
2784,300589,江龙船艇,0.07,-63.08,4.62,2018-10-17
1618,300591,万里马,0.04,-45.16,2.71,2018-10-17
1546,300592,华凯创意,0.16,-48.56,3.78,2018-10-17
1062,300593,新雷能,0.29,11.54,5.84,2018-10-17
2382,300595,欧普康视,0.75,-21.06,18.75,2018-10-17
1742,300596,利安隆,0.82,55.66,15.37,2018-10-17
1584,300598,诚迈科技,0.12,-59.83,2.19,2018-10-17
2967,300599,雄塑科技,0.5,66.67,11.67,2018-10-17
1604,300603,立昂技术,0.35,-39.99,8.24,2018-10-17
1746,300604,长川科技,0.22,-40.54,7.36,2018-10-17
2645,300606,金太阳,0.48,0.0,8.99,2018-10-17
2742,300607,拓斯达,0.99,20.73,15.76,2018-10-17
1041,300608,思特奇,0.03,-62.5,0.48,2018-10-17
674,300609,汇纳科技,0.39,18.09,7.99,2018-10-17
2509,300610,晨化股份,0.42,-1.4,8.99,2018-10-17
3290,300615,欣天科技,0.13,-50.04,4.07,2018-10-17
2558,300616,尚品宅配,1.5,-27.31,10.76,2018-10-17
2802,300617,安靠智电,0.6,-32.8,7.26,2018-10-17
1499,300619,金银河,0.53,-5.36,9.15,2018-10-17
2874,300620,光库科技,0.79,50.93,13.72,2018-10-17
2452,300622,博士眼镜,0.51,7.09,9.44,2018-10-17
2647,300623,捷捷微电,0.74,-38.34,10.44,2018-10-17
1042,300625,三雄极光,0.46,-31.34,5.88,2018-10-17
1552,300626,华瑞股份,0.19,-54.76,6.12,2018-10-17
1981,300627,华测导航,0.28,-53.1,8.17,2018-10-17
2963,300631,久吾高科,0.31,11.94,5.31,2018-10-17
1758,300635,达安股份,0.3,-7.95,6.62,2018-10-17
2774,300639,凯普生物,0.43,-46.99,8.09,2018-10-17
3512,300642,透景生命,1.0,-31.03,9.51,2018-10-17
1983,300643,万通智控,0.14,-12.5,6.84,2018-10-17
3308,300647,超频三,0.06,-77.78,2.69,2018-10-17
1076,300649,杭州园林,0.25,-13.79,9.71,2018-10-17
2388,300650,太龙照明,0.42,-41.67,9.18,2018-10-17
1505,300652,雷迪克,0.74,2.78,9.47,2018-10-17
3395,300653,正海生物,0.81,44.64,13.08,2018-10-17
3258,300655,晶瑞股份,0.26,0.27,8.44,2018-10-17
1724,300657,弘信电子,0.84,59.25,16.08,2018-10-17
1558,300659,中孚信息,-0.03,-125.0,-0.93,2018-10-17
1985,300660,江苏雷利,1.09,-48.83,8.32,2018-10-17
1316,300662,科锐国际,0.51,34.21,13.79,2018-10-17
1588,300664,鹏鹞环保,0.32,-38.33,5.15,2018-10-17
2666,300665,飞鹿股份,0.15,-38.12,4.09,2018-10-17
1850,300666,江丰电子,0.21,0.0,7.75,2018-10-17
1606,300669,沪宁股份,0.37,-17.95,6.93,2018-10-17
2700,300670,大烨智能,0.12,-68.57,3.88,2018-10-17
2418,300671,富满电子,0.34,-17.07,9.3,2018-10-17
1263,300673,佩蒂股份,0.85,-10.53,11.31,2018-10-17
19,300674,宇信科技,0.23,15.0,6.42,2018-10-17
680,300675,建科院,0.03,12.61,0.88,2018-10-17
1995,300676,华大基因,0.8,-5.88,7.54,2018-10-17
1590,300680,隆盛科技,0.09,-62.08,2.47,2018-10-17
2045,300681,英搏尔,0.72,-18.21,8.1,2018-10-17
1858,300682,朗新科技,-0.25,419.25,-9.35,2018-10-17
1706,300684,中石科技,0.69,51.24,17.9,2018-10-17
993,300685,艾德生物,0.67,-21.51,13.75,2018-10-17
862,300686,智动力,0.05,-81.48,1.52,2018-10-17
1906,300687,赛意信息,0.48,-56.76,8.59,2018-10-17
2752,300689,澄天伟业,0.55,-28.53,6.76,2018-10-17
1633,300690,双一科技,0.7,-58.82,8.31,2018-10-17
683,300691,联合光电,0.4,-61.7,6.32,2018-10-17
3555,300692,中环环保,0.26,-38.1,5.79,2018-10-17
2337,300693,盛弘股份,0.33,-42.88,7.45,2018-10-17
3578,300694,蠡湖股份,0.5,13.64,12.63,2018-10-17
1594,300696,爱乐达,0.4,-43.66,6.58,2018-10-17
2049,300697,电工合金,0.25,-32.32,7.22,2018-10-17
3335,300699,光威复材,0.84,15.07,11.56,2018-10-17
1516,300700,岱勒新材,0.59,-46.74,9.0,2018-10-17
2884,300701,森霸传感,0.65,-9.72,11.7,2018-10-17
1525,300702,天宇股份,0.44,-62.71,5.97,2018-10-17
3503,300703,创源文化,0.54,-18.47,10.69,2018-10-17
1267,300706,阿石创,0.19,-67.8,6.38,2018-10-17
2952,300708,聚灿光电,-0.32,-166.56,-12.47,2018-10-17
2469,300709,精研科技,0.21,-88.2,1.47,2018-10-17
1662,300712,永福股份,0.4,-27.51,6.26,2018-10-17
2621,300713,英可瑞,0.44,,5.79,2018-10-17
2684,300715,凯伦股份,0.31,-41.51,10.32,2018-10-17
1708,300718,长盛轴承,0.53,-57.26,9.93,2018-10-17
1011,300719,安达维尔,-0.08,-225.45,-2.1,2018-10-17
2423,300721,怡达股份,0.43,-47.85,3.96,2018-10-17
1639,300724,捷佳伟创,1.05,19.32,22.9,2018-10-17
2247,300725,药石科技,1.05,9.26,17.79,2018-10-17
1375,300726,宏达电子,0.44,9.21,12.19,2018-10-17
2340,300727,润禾材料,0.44,-6.38,11.29,2018-10-17
3471,300731,科创新源,0.46,-35.21,6.12,2018-10-17
3362,300732,设研院,1.12,-50.0,8.93,2018-10-17
2425,300739,明阳电路,0.52,-48.51,8.41,2018-10-17
1821,300741,华宝股份,1.3,1.56,10.05,2018-10-17
1648,300742,越博动力,0.33,-19.51,2.54,2018-10-17
2205,300743,天地数码,0.44,-38.13,1.41,2018-10-17
2794,300746,汉嘉设计,0.24,4.35,6.07,2018-10-17
1568,300749,顶固集创,0.45,-10.0,13.73,2018-10-17
2691,300750,宁德时代,1.17,-12.03,8.61,2018-10-17
18,300751,迈为股份,3.61,31.27,37.01,2018-10-17
14,300753,爱朋医疗,0.82,51.85,16.71,2018-10-17
10,300756,中山金马,3.15,6.42,20.02,2018-10-17
8,300757,罗博特科,1.06,30.86,25.34,2018-10-17
4,300758,七彩化学,1.07,13.83,18.98,2018-10-17
6,300759,康龙化成,0.39,50.0,10.92,2018-10-17
1278,300760,迈瑞医疗,2.65,45.6,38.33,2018-10-17
0,300761,立华股份,2.69,348.83,29.26,2018-10-17
47,600000,浦发银行,1.44,-0.69,10.48,2018-10-17
127,600007,中国国贸,0.59,25.53,8.96,2018-10-17
1210,600009,上海机场,1.63,16.43,11.93,2018-10-17
3024,600011,华能国际,0.12,-36.84,2.63,2018-10-17
1347,600012,皖通高速,0.51,3.11,8.84,2018-10-17
561,600018,上港集团,0.22,7.3,7.27,2018-10-17
1046,600019,宝钢股份,0.71,33.96,9.38,2018-10-17
390,600020,中原高速,0.29,-21.46,6.36,2018-10-17
1323,600022,山东钢铁,0.22,96.53,12.68,2018-10-17
2081,600023,浙能电力,0.28,0.0,6.09,2018-10-17
139,600026,中远海能,-0.07,-121.49,-0.96,2018-10-17
350,600028,中国石化,0.5,56.15,8.28,2018-10-17
1357,600031,三一重工,0.63,168.22,17.43,2018-10-17
934,600035,楚天高速,0.28,-3.45,7.94,2018-10-17
393,600039,四川路桥,0.15,8.45,4.14,2018-10-17
3226,600050,中国联通,0.11,84.65,2.49,2018-10-17
3195,600051,宁波联合,0.26,-22.92,3.36,2018-10-17
2043,600054,黄山旅游,0.56,22.99,10.14,2018-10-17
1854,600055,万东医疗,0.16,39.32,4.71,2018-10-17
531,600057,厦门象屿,0.34,-8.11,7.86,2018-10-17
990,600058,五矿发展,-0.37,-1133.89,-5.41,2018-10-17
2117,600059,古越龙山,0.14,7.69,2.86,2018-10-17
380,600060,海信电器,0.28,-39.3,2.62,2018-10-17
1728,600062,华润双鹤,0.81,-2.97,10.99,2018-10-17
2291,600064,南京高科,0.65,-8.12,7.83,2018-10-17
352,600072,中船科技,0.0,-82.61,0.07,2018-10-17
533,600074,*ST保千,-0.15,-188.24,,2018-10-17
865,600076,康欣新材,0.35,2.94,10.12,2018-10-17
941,600077,宋都股份,0.13,983.33,4.49,2018-10-17
1266,600079,人福医药,0.43,-70.55,4.24,2018-10-17
398,600081,东风科技,0.38,-4.0,9.19,2018-10-17
1365,600082,海泰发展,0.0,-102.53,0.06,2018-10-17
51,600083,博信股份,0.06,-3325.0,20.71,2018-10-17
166,600086,东方金钰,-0.05,-128.33,-2.24,2018-10-17
1101,600088,中视传媒,0.2,-2.5,6.91,2018-10-17
1223,600089,特变电工,0.52,-4.43,6.24,2018-10-17
1518,600091,ST明科,-0.01,-133.33,-0.59,2018-10-17
200,600093,易见股份,0.6,10.44,9.94,2018-10-17
1528,600094,大名城,0.02,-91.52,0.53,2018-10-17
432,600095,哈高科,-0.01,-142.94,-0.36,2018-10-17
1270,600097,开创国际,0.51,264.29,7.78,2018-10-17
204,600098,广州发展,0.24,8.79,3.97,2018-10-17
2199,600099,林海股份,0.0,-91.82,0.04,2018-10-17
1371,600100,同方股份,-0.19,210.45,-2.77,2018-10-17
2338,600101,明星电力,0.32,12.11,4.95,2018-10-17
2688,600106,重庆路桥,0.2,-13.04,6.04,2018-10-17
3473,600110,诺德股份,0.05,-62.87,2.9,2018-10-17
3463,600111,北方稀土,0.1,8.33,4.19,2018-10-17
950,600112,天成控股,0.16,384.24,6.8,2018-10-17
1274,600114,东睦股份,0.39,-22.0,9.41,2018-10-17
2249,600116,三峡水利,0.18,-10.0,6.27,2018-10-17
471,600117,西宁特钢,-0.55,266.67,-20.23,2018-10-17
2342,600118,中国卫星,0.23,4.55,5.08,2018-10-17
698,600121,郑州煤电,0.16,-73.39,4.76,2018-10-17
3248,600123,兰花科创,0.87,33.21,10.0,2018-10-17
203,600127,金健米业,-0.03,-293.62,-2.35,2018-10-17
2816,600129,太极集团,0.26,43.54,6.59,2018-10-17
569,600131,岷江水电,0.22,84.75,9.17,2018-10-17
210,600132,重庆啤酒,0.79,21.54,32.49,2018-10-17
872,600133,东湖高新,0.24,-79.17,4.75,2018-10-17
2834,600135,乐凯胶片,0.07,-62.18,1.55,2018-10-17
55,600136,当代明诚,0.27,170.0,5.03,2018-10-17
701,600139,西部资源,-0.05,-80.17,-9.14,2018-10-17
1140,600141,兴发集团,0.5,24.38,5.07,2018-10-17
3250,600143,金发科技,0.24,42.91,6.44,2018-10-17
2896,600148,长春一东,0.17,30.53,6.01,2018-10-17
439,600150,中国船舶,0.23,-206.13,2.16,2018-10-17
1280,600152,维科技术,0.22,94.87,6.75,2018-10-17
214,600153,建发股份,0.61,5.17,7.06,2018-10-17
876,600155,华创阳安,0.14,7.69,1.65,2018-10-17
2475,600156,华升股份,-0.05,-55.63,-3.5,2018-10-17
57,600157,永泰能源,0.0,-92.45,0.13,2018-10-17
306,600159,大龙地产,-0.04,-17.41,-1.38,2018-10-17
2222,600160,巨化股份,0.6,57.18,14.29,2018-10-17
2061,600161,天坛生物,0.46,-70.51,10.42,2018-10-17
359,600162,香江控股,0.08,-42.86,4.48,2018-10-17
1780,600165,新日恒力,0.0,-150.0,0.04,2018-10-17
1427,600167,联美控股,0.36,-40.39,8.71,2018-10-17
442,600168,武汉控股,0.32,-13.51,4.68,2018-10-17
572,600170,上海建工,0.19,-9.52,7.82,2018-10-17
881,600172,黄河旋风,0.07,-64.5,2.1,2018-10-17
2481,600173,卧龙地产,0.43,40.87,15.38,2018-10-17
61,600175,美都能源,0.04,300.0,1.0,2018-10-17
3487,600176,中国巨石,0.55,2.73,14.6,2018-10-17
312,600177,雅戈尔,0.65,-13.07,9.28,2018-10-17
2224,600178,东安动力,0.14,44.88,3.47,2018-10-17
1249,600180,瑞茂通,0.37,6.78,7.0,2018-10-17
1431,600185,格力地产,0.19,-5.0,4.93,2018-10-17
446,600186,莲花健康,-0.09,-8.95,,2018-10-17
2626,600187,国中水务,0.01,-55.12,0.27,2018-10-17
1835,600188,兖州煤业,1.12,15.06,9.51,2018-10-17
2934,600189,吉林森工,0.05,-116.67,1.24,2018-10-17
81,600190,锦州港,0.06,34.38,1.9,2018-10-17
448,600191,华资实业,-0.13,-277.87,-3.11,2018-10-17
2352,600192,长城电工,0.03,-7.86,0.66,2018-10-17
1468,600195,中牧股份,0.69,13.45,8.71,2018-10-17
714,600196,复星医药,0.83,-16.16,8.0,2018-10-17
2523,600197,伊力特,0.66,12.91,12.52,2018-10-17
2399,600198,*ST大唐,0.29,-149.84,,2018-10-17
1436,600202,哈空调,0.03,-126.55,1.8,2018-10-17
2818,600203,福日电子,0.04,-66.67,0.97,2018-10-17
1017,600208,新湖中宝,0.21,2.49,5.45,2018-10-17
2210,600209,*ST罗顿,-0.06,15.09,-4.45,2018-10-17
451,600210,紫江企业,0.26,-41.5,8.92,2018-10-17
2358,600211,西藏药业,1.29,57.14,10.68,2018-10-17
1289,600212,江泉实业,-0.05,-208.74,-3.69,2018-10-17
318,600213,亚星客车,0.09,-18.18,10.42,2018-10-17
724,600215,长春经开,0.16,796.13,3.06,2018-10-17
1259,600217,中再资环,0.15,32.91,11.37,2018-10-17
546,600219,南山铝业,0.15,7.14,4.2,2018-10-17
2866,600220,江苏阳光,0.05,17.77,4.36,2018-10-17
1932,600222,太龙药业,0.01,100.0,0.38,2018-10-17
2730,600225,天津松江,-0.28,-166.43,-17.63,2018-10-17
1020,600226,瀚叶股份,0.07,-30.0,4.94,2018-10-17
3003,600227,圣济堂,0.11,-863.64,3.92,2018-10-17
2769,600230,沧州大化,2.5,-23.84,32.18,2018-10-17
3580,600231,凌钢股份,0.46,15.0,18.29,2018-10-17
90,600232,金鹰股份,0.07,32.08,2.2,2018-10-17
1333,600234,ST山水,-0.01,-79.6,-2.95,2018-10-17
548,600236,桂冠电力,0.33,10.0,13.9,2018-10-17
1454,600238,*ST椰岛,-0.36,-3700.0,-24.07,2018-10-17
1936,600239,云南城投,0.14,-159.83,4.25,2018-10-17
234,600242,中昌数据,0.21,0.47,4.79,2018-10-17
93,600250,南纺股份,0.07,-122.58,3.91,2018-10-17
3508,600251,冠农股份,0.16,40.88,6.39,2018-10-17
2404,600252,中恒集团,0.14,-8.5,8.3,2018-10-17
3483,600256,广汇能源,0.22,372.42,9.6,2018-10-17
774,600258,首旅酒店,0.82,12.36,10.4,2018-10-17
421,600259,广晟有色,-0.45,-1600.0,-7.18,2018-10-17
2634,600260,凯乐科技,1.19,54.55,16.45,2018-10-17
2037,600266,北京城建,0.37,20.83,3.32,2018-10-17
2073,600268,国电南自,-0.03,-75.0,-1.03,2018-10-17
1488,600269,赣粤高速,0.36,2.86,5.73,2018-10-17
96,600271,航天信息,0.46,-24.59,7.99,2018-10-17
2530,600272,开开实业,0.11,37.5,5.33,2018-10-17
3238,600273,嘉化能源,0.58,13.73,12.9,2018-10-17
2095,600278,东方创业,0.2,0.0,2.68,2018-10-17
2441,600279,重庆港九,0.15,-6.87,2.85,2018-10-17
3495,600280,中央商场,0.07,-70.83,3.89,2018-10-17
1029,600282,南钢股份,0.78,67.49,25.84,2018-10-17
2155,600283,钱江水利,0.25,47.06,4.81,2018-10-17
1051,600284,浦东建设,0.22,-29.44,3.87,2018-10-17
2372,600285,羚锐制药,0.36,11.84,9.61,2018-10-17
1299,600287,江苏舜天,0.17,4.21,4.13,2018-10-17
3478,600288,大恒科技,0.07,507.56,2.04,2018-10-17
98,600289,*ST信通,-0.73,648.45,-95.54,2018-10-17
889,600291,西水股份,0.37,-83.85,3.2,2018-10-17
1492,600293,三峡新材,0.24,-22.82,7.13,2018-10-17
185,600295,鄂尔多斯,0.48,37.14,6.16,2018-10-17
792,600297,广汇汽车,0.38,-5.48,8.58,2018-10-17
2443,600298,安琪酵母,0.82,10.54,16.93,2018-10-17
2783,600299,安迪苏,0.26,-23.53,5.34,2018-10-17
3143,600301,ST南化,0.21,-2779.75,18.42,2018-10-17
412,600302,标准股份,-0.1,3925.0,-2.8,2018-10-17
1053,600303,曙光股份,-0.05,-108.77,-1.0,2018-10-17
3509,600309,万华化学,3.3,14.98,32.09,2018-10-17
1890,600310,桂东电力,0.01,-44.5,0.47,2018-10-17
3338,600311,荣华实业,-0.09,-1314.29,-7.26,2018-10-17
555,600312,平高电气,0.0,-99.5,0.03,2018-10-17
804,600315,上海家化,0.68,51.11,8.1,2018-10-17
2447,600316,洪都航空,-0.11,-11.4,-1.59,2018-10-17
1805,600318,新力金融,0.08,0.0,4.05,2018-10-17
267,600319,亚星化学,0.03,20.0,27.72,2018-10-17
415,600320,振华重工,0.04,-7.5,1.29,2018-10-17
1061,600321,ST正源,0.01,200.0,0.68,2018-10-17
1308,600323,瀚蓝环境,0.97,36.62,13.67,2018-10-17
753,600326,西藏天路,0.44,-2.12,13.49,2018-10-17
2549,600327,大东方,0.33,-11.86,8.44,2018-10-17
1891,600328,兰太实业,0.56,29.13,10.32,2018-10-17
3566,600330,天通股份,0.23,29.28,6.14,2018-10-17
190,600331,宏达股份,0.01,-92.37,0.33,2018-10-17
823,600332,白云山,2.12,131.4,16.71,2018-10-17
1262,600333,长春燃气,-0.21,950.0,-6.11,2018-10-17
3173,600336,澳柯玛,0.06,34.32,2.72,2018-10-17
1040,600337,美克家居,0.19,11.76,6.78,2018-10-17
2169,600338,西藏珠峰,1.18,-6.35,37.1,2018-10-17
1065,600339,中油工程,0.09,-3.33,2.25,2018-10-17
2079,600343,航天动力,0.02,-6.16,0.45,2018-10-17
518,600345,长江通信,1.09,9.0,12.55,2018-10-17
3386,600346,恒力股份,0.76,80.95,14.81,2018-10-17
1412,600348,阳泉煤业,0.58,20.83,7.82,2018-10-17
2384,600350,山东高速,0.57,2.53,9.92,2018-10-17
520,600352,浙江龙盛,0.98,69.78,17.43,2018-10-17
1337,600353,旭光股份,0.1,66.67,4.83,2018-10-17
370,600355,精伦电子,0.01,-150.0,1.18,2018-10-17
276,600359,新农开发,-0.12,-340.0,-7.06,2018-10-17
1979,600361,华联综超,0.1,-9.09,2.53,2018-10-17
2323,600366,宁波韵升,0.07,-88.02,1.4,2018-10-17
3547,600367,红星发展,0.34,30.77,8.26,2018-10-17
2385,600368,五洲交通,0.26,-26.1,8.76,2018-10-17
522,600370,三房巷,0.06,21.12,3.62,2018-10-17
1341,600371,万向德农,0.15,-0.68,7.13,2018-10-17
2694,600372,中航电子,0.14,12.11,3.43,2018-10-17
1896,600373,中文传媒,0.88,10.0,9.61,2018-10-17
558,600376,首开股份,0.55,102.5,6.52,2018-10-17
2177,600378,天科股份,0.13,44.44,4.91,2018-10-17
2457,600379,宝光股份,0.14,-1.1,6.68,2018-10-17
349,600386,北巴传媒,0.08,-20.0,3.51,2018-10-17
3027,600388,龙净环保,0.5,13.64,11.28,2018-10-17
1351,600389,江山股份,0.87,197.31,15.66,2018-10-17
847,600390,五矿资本,0.45,-27.42,5.28,2018-10-17
931,600391,航发科技,-0.23,-428.57,-4.43,2018-10-17
2652,600392,盛和资源,0.19,-39.54,6.11,2018-10-17
563,600393,粤泰股份,0.25,-46.81,10.46,2018-10-17
2181,600396,金山股份,-0.3,41.13,-17.52,2018-10-17
2463,600397,*ST安煤,0.08,-181.0,9.76,2018-10-17
1325,600398,海澜之家,0.58,3.57,22.04,2018-10-17
142,600401,*ST海润,-0.22,18.61,-155.92,2018-10-17
1762,600408,ST安泰,0.57,5600.0,58.83,2018-10-17
984,600409,三友化工,0.75,-1.82,14.65,2018-10-17
2698,600410,华胜天成,0.05,-70.59,1.04,2018-10-17
3451,600415,小商品城,0.25,13.64,11.39,2018-10-17
2916,600419,天润乳业,0.5,-39.76,11.93,2018-10-17
2289,600420,现代制药,0.52,30.15,8.96,2018-10-17
1991,600421,ST仰帆,-0.02,100.0,,2018-10-17
3499,600422,昆药集团,0.34,-4.78,7.11,2018-10-17
498,600425,青松建化,0.33,16300.0,10.58,2018-10-17
2329,600426,华鲁恒升,1.56,199.04,24.26,2018-10-17
2672,600428,中远海特,0.06,-20.0,1.34,2018-10-17
1856,600429,三元股份,0.09,12.62,2.85,2018-10-17
1766,600435,北方导航,0.0,0.0,0.19,2018-10-17
3116,600436,片仔癀,1.52,35.71,20.6,2018-10-17
2119,600438,通威股份,0.43,8.59,11.95,2018-10-17
382,600439,瑞贝卡,0.16,17.59,6.87,2018-10-17
2656,600444,国机通用,0.23,27.78,6.38,2018-10-17
290,600448,华纺股份,0.05,150.0,3.29,2018-10-17
2193,600449,宁夏建材,0.73,21.67,7.48,2018-10-17
467,600452,涪陵电力,0.94,-16.07,17.1,2018-10-17
502,600458,时代新材,0.11,83.33,1.67,2018-10-17
1097,600460,士兰微,0.12,9.09,4.55,2018-10-17
2390,600461,洪城水业,0.3,15.38,7.16,2018-10-17
1515,600463,空港股份,-0.02,-107.65,-0.32,2018-10-17
1002,600466,蓝光发展,0.31,39.71,8.91,2018-10-17
943,600468,百利电气,0.06,-1.54,2.56,2018-10-17
2195,600476,湘邮科技,-0.07,-553.33,-4.92,2018-10-17
1367,600477,杭萧钢构,0.24,-38.56,13.77,2018-10-17
3470,600481,双良节能,0.09,577.37,7.06,2018-10-17
1105,600482,中国动力,0.57,21.28,3.84,2018-10-17
2392,600483,福能股份,0.48,50.0,6.84,2018-10-17
3323,600486,扬农化工,2.54,93.15,18.63,2018-10-17
1008,600487,亨通光电,1.11,-16.01,18.79,2018-10-17
946,600489,中金黄金,0.06,-31.82,1.43,2018-10-17
1819,600491,龙元建设,0.36,24.14,7.19,2018-10-17
206,600493,凤竹纺织,0.17,184.01,6.6,2018-10-17
693,600495,晋西车轴,0.03,87.5,1.27,2018-10-17
2471,600496,精工钢构,0.08,95.42,3.26,2018-10-17
3438,600497,驰宏锌锗,0.16,-17.56,5.9,2018-10-17
3423,600498,烽火通信,0.56,-1.75,6.5,2018-10-17
172,600500,中化国际,0.37,105.56,6.96,2018-10-17
1126,600501,航天晨光,-0.16,1500.0,-3.02,2018-10-17
1231,600502,安徽水利,0.25,-28.57,5.44,2018-10-17
3030,600505,西昌电力,0.13,-9.07,4.41,2018-10-17
2989,600507,方大特钢,1.66,42.98,48.68,2018-10-17
1277,600510,黑牡丹,0.11,-47.62,1.44,2018-10-17
869,600512,腾达建设,0.01,-88.89,0.24,2018-10-17
2011,600513,联环药业,0.2,11.11,6.31,2018-10-17
52,600515,海航基础,0.31,-18.47,3.81,2018-10-17
2218,600518,康美药业,0.78,22.45,12.58,2018-10-17
589,600523,贵航股份,0.24,-40.0,4.39,2018-10-17
955,600526,菲达环保,0.03,-62.5,0.62,2018-10-17
1829,600528,中铁工业,0.49,13.02,7.25,2018-10-17
2207,600530,交大昂立,0.11,-12.4,5.21,2018-10-17
1572,600536,中国软件,-0.48,14.29,-12.12,2018-10-17
1148,600537,亿晶光电,0.06,20.0,1.8,2018-10-17
541,600540,新赛股份,0.0,-74.7,0.32,2018-10-17
2993,600545,卓郎智能,0.28,-20.0,21.42,2018-10-17
957,600546,山煤国际,0.26,188.89,9.41,2018-10-17
2761,600548,深高速,0.7,25.59,10.78,2018-10-17
3299,600549,厦门钨业,0.32,-40.74,6.41,2018-10-17
879,600550,保变电气,-0.12,-400.0,-20.82,2018-10-17
710,600557,康缘药业,0.52,6.12,8.74,2018-10-17
1164,600558,大西洋,0.07,94.59,3.4,2018-10-17
1880,600559,老白干酒,0.38,40.74,10.98,2018-10-17
1782,600561,江西长运,0.07,55.56,1.24,2018-10-17
2817,600565,迪马股份,0.16,-27.27,4.95,2018-10-17
3433,600566,济川药业,1.61,43.89,27.55,2018-10-17
3163,600567,山鹰纸业,0.51,61.46,20.48,2018-10-17
216,600568,中珠医疗,0.01,-94.11,0.43,2018-10-17
2257,600569,安阳钢铁,0.66,61.03,21.7,2018-10-17
2021,600570,恒生电子,0.58,23.4,11.41,2018-10-17
63,600571,信雅达,0.02,-66.67,0.62,2018-10-17
1749,600572,康恩贝,0.29,20.83,13.05,2018-10-17
1680,600573,惠泉啤酒,0.1,206.25,2.18,2018-10-17
2862,600575,皖江物流,0.09,12.5,3.92,2018-10-17
2519,600576,祥源文化,0.11,-8.33,3.75,2018-10-17
2397,600577,精达股份,0.19,43.28,12.24,2018-10-17
543,600579,天华院,0.03,-194.37,1.06,2018-10-17
617,600580,卧龙电驱,0.35,-34.94,7.69,2018-10-17
2582,600581,八一钢铁,0.38,-66.64,15.92,2018-10-17
965,600582,天地科技,0.16,47.75,4.43,2018-10-17
2902,600585,海螺水泥,3.91,111.21,21.46,2018-10-17
85,600586,金晶科技,0.17,42.17,5.75,2018-10-17
450,600587,新华医疗,0.38,1166.67,4.56,2018-10-17
1287,600589,广东榕泰,0.18,27.34,3.97,2018-10-17
1469,600590,泰豪科技,0.19,5.56,4.24,2018-10-17
2226,600592,龙溪股份,0.21,45.23,4.41,2018-10-17
1191,600593,大连圣亚,0.84,-13.4,18.86,2018-10-17
67,600594,益佰制药,0.25,-37.84,4.54,2018-10-17
626,600597,光明乳业,0.32,-25.54,7.18,2018-10-17
1440,600598,北大荒,0.55,28.04,15.35,2018-10-17
22,600605,汇通能源,0.12,28.13,2.67,2018-10-17
1291,600606,绿地控股,0.73,35.19,13.49,2018-10-17
1474,600608,ST沪科,-0.01,-85.71,,2018-10-17
2230,600609,金杯汽车,0.07,-114.63,23.54,2018-10-17
2809,600611,大众交通,0.24,1.65,6.43,2018-10-17
547,600613,神奇制药,0.12,-20.0,2.59,2018-10-17
2147,600615,丰华股份,0.09,-84.26,2.76,2018-10-17
1934,600616,金枫酒业,0.05,-44.44,1.33,2018-10-17
2732,600618,氯碱化工,0.58,11.56,20.78,2018-10-17
225,600619,海立股份,0.23,0.0,4.75,2018-10-17
91,600626,申达股份,0.14,-19.62,3.7,2018-10-17
69,600629,华建集团,0.48,36.36,8.08,2018-10-17
180,600634,*ST富控,-0.78,-750.0,-25.43,2018-10-17
970,600636,三爱富,1.22,350.69,19.43,2018-10-17
240,600639,浦东金桥,0.51,3.94,6.44,2018-10-17
407,600640,号百控股,0.23,-11.27,4.21,2018-10-17
2491,600641,万业企业,1.14,-42.35,14.93,2018-10-17
32,600642,申能股份,0.28,-14.86,4.82,2018-10-17
327,600644,乐山电力,0.25,31.98,10.15,2018-10-17
735,600645,中源协和,0.84,8300.0,11.56,2018-10-17
2085,600647,同达创业,-0.24,-395.03,-10.55,2018-10-17
1888,600648,外高桥,0.58,87.1,6.42,2018-10-17
550,600650,锦江投资,0.38,12.98,6.33,2018-10-17
183,600651,飞乐音响,-0.84,-259.89,-28.56,2018-10-17
423,600653,申华控股,-0.06,-63.0,-6.11,2018-10-17
409,600658,电子城,0.27,8.0,4.72,2018-10-17
2495,600660,福耀玻璃,1.3,52.94,16.48,2018-10-17
333,600663,陆家嘴,0.64,46.86,14.61,2018-10-17
738,600664,哈药股份,0.1,-9.64,3.71,2018-10-17
3534,600666,奥瑞德,-0.0,-106.17,-0.17,2018-10-17
552,600668,尖峰集团,1.42,67.53,17.05,2018-10-17
648,600671,天目药业,0.24,248.36,36.27,2018-10-17
786,600673,东阳光,0.32,147.33,12.71,2018-10-17
2826,600674,川投能源,0.63,-3.02,12.57,2018-10-17
3576,600675,中华企业,0.17,10.19,7.65,2018-10-17
1031,600677,航天通信,0.24,1835.48,3.75,2018-10-17
410,600678,四川金顶,0.09,-5329.41,71.18,2018-10-17
1961,600679,上海凤凰,0.07,-58.29,1.97,2018-10-17
1302,600681,百川能源,0.7,79.49,17.69,2018-10-17
3102,600683,京投发展,0.11,-3733.33,3.5,2018-10-17
2535,600684,珠江实业,0.35,-7.89,9.83,2018-10-17
364,600685,中船防务,-0.41,208.47,-5.22,2018-10-17
553,600687,ST刚泰,0.03,-86.75,0.77,2018-10-17
427,600690,青岛海尔,1.01,7.83,17.42,2018-10-17
2739,600692,亚通股份,0.1,-7.61,4.89,2018-10-17
668,600694,大商股份,2.67,21.36,10.25,2018-10-17
3498,600696,ST岩石,0.06,200.0,7.42,2018-10-17
2075,600697,欧亚集团,1.25,-4.58,8.31,2018-10-17
2319,600699,均胜电子,1.15,23.66,7.82,2018-10-17
1406,600701,*ST工新,-0.37,-275.94,-9.47,2018-10-17
2409,600702,舍得酒业,0.81,187.04,11.09,2018-10-17
1496,600704,物产中大,0.38,26.72,9.13,2018-10-17
652,600705,中航资本,0.25,13.64,9.19,2018-10-17
2604,600706,曲江文旅,0.63,43.18,11.28,2018-10-17
429,600707,彩虹股份,-0.07,5.71,-1.32,2018-10-17
1037,600711,盛屯矿业,0.29,13.83,8.06,2018-10-17
670,600712,南宁百货,-0.07,250.0,-3.6,2018-10-17
1965,600713,南京医药,0.19,0.0,5.41,2018-10-17
3436,600714,金瑞矿业,0.05,59.74,2.56,2018-10-17
2414,600719,大连热电,-0.08,35.48,-4.78,2018-10-17
3561,600722,金牛化工,0.06,22.91,4.17,2018-10-17
2107,600723,首商股份,0.41,11.5,7.09,2018-10-17
2450,600724,宁波富达,0.21,137.71,16.4,2018-10-17
3496,600725,ST云维,0.01,202.33,5.53,2018-10-17
3579,600728,佳都科技,0.07,108.93,3.48,2018-10-17
1971,600729,重庆百货,1.89,53.66,14.59,2018-10-17
478,600732,ST新梅,-0.02,-111.57,-1.72,2018-10-17
112,600733,北汽蓝谷,0.05,2375.0,0.81,2018-10-17
345,600735,新华锦,0.16,14.62,6.85,2018-10-17
1501,600737,中粮糖业,0.39,58.19,10.75,2018-10-17
1338,600738,兰州民百,1.6,1042.14,51.75,2018-10-17
3257,600740,山西焦化,1.06,1467.01,46.37,2018-10-17
2649,600741,华域汽车,2.02,32.13,14.87,2018-10-17
278,600743,华远地产,0.12,-38.61,3.95,2018-10-17
387,600744,华银电力,-0.0,-99.7,-0.05,2018-10-17
465,600745,闻泰科技,-0.27,-161.36,-4.9,2018-10-17
45,600746,江苏索普,-0.0,-101.84,-0.26,2018-10-17
484,600748,上实发展,0.16,-15.79,2.86,2018-10-17
2969,600750,江中药业,0.84,-21.5,11.61,2018-10-17
347,600751,海航科技,0.02,-64.11,0.33,2018-10-17
524,600754,锦江股份,0.91,22.5,6.97,2018-10-17
1343,600755,厦门国贸,0.7,-12.5,10.46,2018-10-17
838,600756,浪潮软件,0.31,239.56,4.58,2018-10-17
929,600757,长江传媒,0.52,20.93,10.0,2018-10-17
560,600759,洲际油气,0.05,-392.18,2.28,2018-10-17
3297,600760,中航沈飞,0.22,-300.0,4.29,2018-10-17
2999,600761,安徽合力,0.6,27.66,9.6,2018-10-17
3454,600763,通策医疗,0.86,50.88,24.37,2018-10-17
490,600766,园城黄金,0.0,-70.0,1.15,2018-10-17
130,600767,ST运盛,-0.05,-550.0,-7.13,2018-10-17
1078,600768,宁波富邦,-0.05,-108.18,-5.47,2018-10-17
3083,600769,祥龙电业,0.01,-25.62,7.22,2018-10-17
1761,600771,广誉远,0.64,120.69,11.15,2018-10-17
3396,600773,西藏城投,0.09,30.3,2.17,2018-10-17
932,600775,南京熊猫,0.09,58.75,2.39,2018-10-17
2653,600776,东方通信,0.06,11.01,2.53,2018-10-17
2746,600777,新潮能源,0.1,233.33,4.69,2018-10-17
1987,600780,通宝能源,0.14,871.43,3.32,2018-10-17
2333,600781,辅仁药业,1.17,1466.27,14.87,2018-10-17
1319,600782,新钢股份,1.24,152.65,26.0,2018-10-17
496,600783,鲁信创投,0.29,-12.12,5.99,2018-10-17
154,600784,鲁银投资,0.11,936.36,4.43,2018-10-17
3510,600785,新华百货,0.73,34.18,7.94,2018-10-17
351,600787,中储股份,0.03,-93.91,0.7,2018-10-17
1763,600790,轻纺城,0.21,-27.59,6.11,2018-10-17
378,600793,宜宾纸业,2.0,108.83,83.8,2018-10-17
1264,600795,国电电力,0.13,8.47,5.07,2018-10-17
682,600797,浙大网新,0.15,-31.82,3.5,2018-10-17
1520,600798,宁波海运,0.11,15.55,4.15,2018-10-17
1091,600804,鹏博士,0.24,-44.19,4.82,2018-10-17
3526,600807,*ST天业,-1.16,-1154.55,-79.85,2018-10-17
3485,600808,马钢股份,0.73,103.77,21.03,2018-10-17
384,600811,东方集团,0.21,29.48,3.8,2018-10-17
3530,600812,华北制药,0.05,261.54,1.44,2018-10-17
1813,600814,杭州解百,0.18,0.0,5.58,2018-10-17
1997,600817,ST宏盛,-0.0,-30.88,-0.78,2018-10-17
353,600823,世茂股份,0.39,5.41,6.57,2018-10-17
1517,600825,新华传媒,0.03,-21.21,1.02,2018-10-17
944,600828,茂业商业,0.43,33.07,13.4,2018-10-17
1268,600830,香溢融通,0.07,-43.97,1.4,2018-10-17
292,600831,广电网络,0.2,-3.92,3.91,2018-10-17
400,600833,第一医药,0.13,-20.91,4.29,2018-10-17
468,600834,申通地铁,0.05,-60.83,,2018-10-17
2295,600838,上海九百,0.18,-1.27,5.77,2018-10-17
1109,600839,四川长虹,0.04,22.65,1.6,2018-10-17
1225,600841,上柴股份,0.13,20.91,3.13,2018-10-17
3563,600844,丹化科技,0.0,-96.0,0.14,2018-10-17
948,600847,万里股份,-0.02,-228.5,-0.56,2018-10-17
1272,600850,华东电脑,0.6,12.34,11.25,2018-10-17
401,600853,龙建股份,0.14,104.12,6.7,2018-10-17
470,600854,春兰股份,0.2,92.94,5.16,2018-10-17
2217,600858,银座股份,0.07,12.48,1.19,2018-10-17
2053,600859,王府井,1.27,34.96,9.46,2018-10-17
2721,600862,中航高科,0.17,-10.53,6.45,2018-10-17
581,600863,内蒙华电,0.09,12.5,4.99,2018-10-17
954,600865,百大集团,0.26,70.32,5.74,2018-10-17
3381,600869,智慧能源,0.13,103.95,5.64,2018-10-17
472,600870,ST厦华,-0.02,51.43,,2018-10-17
3573,600873,梅花生物,0.23,4.55,7.99,2018-10-17
2850,600874,创业环保,0.29,0.0,7.7,2018-10-17
357,600876,洛阳玻璃,0.0,300.0,0.2,2018-10-17
539,600879,航天电子,0.13,7.69,2.96,2018-10-17
436,600882,妙可蓝多,-0.01,-0.0,-0.4,2018-10-17
1279,600884,杉杉股份,0.94,125.18,9.92,2018-10-17
212,600885,宏发股份,0.79,-28.18,13.44,2018-10-17
402,600886,国投电力,0.53,21.77,10.64,2018-10-17
474,600887,伊利股份,0.83,2.47,19.07,2018-10-17
297,600890,中房股份,-0.06,29.41,-11.95,2018-10-17
705,600891,ST秋林,0.09,-47.06,1.82,2018-10-17
1156,600892,大晟文化,0.01,-91.76,0.39,2018-10-17
358,600893,航发动力,0.29,52.63,2.5,2018-10-17
2573,600897,厦门空港,1.28,15.69,10.98,2018-10-17
958,600898,国美通讯,-0.41,389.87,-25.36,2018-10-17
59,600917,重庆燃气,0.18,-10.0,7.37,2018-10-17
1168,600929,湖南盐业,0.11,-5.37,4.6,2018-10-17
1245,600933,爱柯迪,0.43,-14.0,10.1,2018-10-17
1429,600959,江苏有线,0.13,-27.78,3.37,2018-10-17
445,600960,渤海汽车,0.07,-57.99,1.51,2018-10-17
2727,600962,国投中鲁,0.03,2410.0,0.79,2018-10-17
884,600965,福成股份,0.18,20.0,7.6,2018-10-17
65,600967,内蒙一机,0.21,8.95,4.38,2018-10-17
2313,600971,恒源煤电,0.69,-27.63,9.26,2018-10-17
1251,600975,新五丰,-0.07,-187.5,-3.82,2018-10-17
3209,600976,健民集团,0.48,2.13,6.56,2018-10-17
1796,600977,中国电影,0.7,83.38,11.97,2018-10-17
1433,600979,广安爱众,0.22,-0.32,5.4,2018-10-17
2436,600980,北矿科技,0.2,-0.34,5.36,2018-10-17
3165,600982,宁波热电,0.17,39.29,5.1,2018-10-17
404,600984,建设机械,0.14,0.5,3.56,2018-10-17
2354,600986,科达股份,0.43,22.86,6.99,2018-10-17
3488,600987,航民股份,0.66,11.47,11.43,2018-10-17
315,600988,赤峰黄金,0.06,-71.43,3.05,2018-10-17
2227,600990,四创电子,-0.03,-106.57,-0.22,2018-10-17
1380,600992,贵绳股份,0.07,25.0,1.24,2018-10-17
545,600996,贵广网络,0.24,-27.27,5.87,2018-10-17
178,600997,开滦股份,0.62,195.24,10.17,2018-10-17
2145,600998,九州通,0.42,-28.81,4.14,2018-10-17
1018,601002,晋亿实业,0.15,-11.18,4.67,2018-10-17
3002,601003,柳钢股份,1.27,159.27,41.56,2018-10-17
24,601006,大秦铁路,0.82,7.89,11.79,2018-10-17
1382,601010,文峰股份,0.11,-11.5,4.44,2018-10-17
1331,601011,宝泰隆,0.17,54.55,4.74,2018-10-17
179,601016,节能风电,0.11,64.71,6.8,2018-10-17
1448,601018,宁波港,0.18,3.98,6.51,2018-10-17
419,601019,山东出版,0.54,1.89,12.08,2018-10-17
228,601028,玉龙股份,0.11,22.22,4.2,2018-10-17
2211,601038,一拖股份,-0.4,-641.99,-7.85,2018-10-17
452,601058,赛轮轮胎,0.19,137.5,8.32,2018-10-17
28,601066,中信建投,0.3,-28.57,5.36,2018-10-17
1738,601068,中铝国际,0.07,-30.0,0.84,2018-10-17
1482,601069,西部黄金,-0.05,-31.76,-2.0,2018-10-17
2315,601086,国芳集团,0.16,-11.11,5.89,2018-10-17
1336,601098,中南传媒,0.48,-27.27,6.55,2018-10-17
636,601101,昊华能源,0.76,46.15,11.5,2018-10-17
768,601106,中国一重,0.02,138.1,0.95,2018-10-17
420,601107,四川成渝,0.3,-0.27,6.39,2018-10-17
2212,601116,三江购物,0.19,-18.78,4.44,2018-10-17
456,601117,中国化学,0.33,26.92,5.61,2018-10-17
1296,601126,四方股份,0.18,1.2,3.65,2018-10-17
1485,601127,小康股份,0.06,-89.09,1.06,2018-10-17
2089,601137,博威合金,0.42,13.51,7.62,2018-10-17
77,601138,工业富联,0.53,,23.12,2018-10-17
1798,601155,新城控股,1.4,55.56,14.74,2018-10-17
1954,601163,三角轮胎,0.41,-10.87,3.9,2018-10-17
3412,601168,西部矿业,0.29,123.08,5.91,2018-10-17
243,601169,北京银行,0.76,-7.32,9.84,2018-10-17
3095,601177,杭齿前进,0.03,82.89,0.69,2018-10-17
457,601179,中国西电,0.05,-61.54,1.3,2018-10-17
42,601186,中国铁建,0.9,15.38,10.11,2018-10-17
336,601198,东兴证券,0.28,-17.65,4.0,2018-10-17
2317,601199,江南水务,0.15,-31.82,5.24,2018-10-17
363,601208,东材科技,0.04,-71.43,1.19,2018-10-17
2097,601218,吉鑫科技,-0.09,-533.97,-3.53,2018-10-17
2241,601222,林洋能源,0.37,19.35,6.7,2018-10-17
2641,601225,陕西煤业,0.89,9.88,18.54,2018-10-17
1032,601228,广州港,0.12,22.88,5.82,2018-10-17
2159,601229,上海银行,1.31,-12.08,10.73,2018-10-17
458,601231,环旭电子,0.36,-10.0,8.81,2018-10-17
2376,601233,桐昆股份,1.37,47.31,17.21,2018-10-17
508,601258,庞大集团,-0.04,-180.0,-1.78,2018-10-17
2537,601311,骆驼股份,0.45,12.5,6.77,2018-10-17
898,601318,中国平安,4.45,19.62,15.7,2018-10-17
15,601319,中国人保,0.29,-14.71,8.59,2018-10-17
1495,601326,秦港股份,0.17,0.0,6.78,2018-10-17
801,601330,绿色动力,0.22,46.67,9.77,2018-10-17
2445,601333,广深铁路,0.14,8.8,3.33,2018-10-17
264,601360,三六零,0.38,236.58,13.45,2018-10-17
1544,601366,利群股份,0.35,0.0,6.34,2018-10-17
1963,601368,绿城水务,0.3,-21.69,7.01,2018-10-17
512,601377,兴业证券,0.11,-63.33,2.18,2018-10-17
747,601388,怡球资源,0.04,-66.67,3.09,2018-10-17
366,601398,工商银行,0.67,4.69,11.36,2018-10-17
1497,601515,东风股份,0.44,-6.38,12.19,2018-10-17
816,601519,大智慧,-0.02,-108.93,-2.87,2018-10-17
2242,601555,东吴证券,0.06,-77.78,0.93,2018-10-17
273,601567,三星医疗,0.29,-3.33,5.23,2018-10-17
672,601577,长沙银行,1.21,10.0,14.75,2018-10-17
1967,601579,会稽山,0.2,2.0,3.3,2018-10-17
1,601598,中国外运,0.32,10.34,8.78,2018-10-17
765,601599,鹿港文化,0.07,-36.36,2.5,2018-10-17
2551,601600,中国铝业,0.08,-6.67,3.29,2018-10-17
1892,601601,中国太保,1.4,15.7,9.0,2018-10-17
1757,601607,上海医药,1.19,19.37,9.0,2018-10-17
2872,601608,中信重工,0.02,142.0,0.99,2018-10-17
368,601615,明阳智能,,,,2018-10-17
3529,601616,广电电气,0.2,1264.43,7.73,2018-10-17
3476,601619,嘉泽新能,0.13,77.12,9.66,2018-10-17
2275,601628,中国人寿,0.69,-26.6,6.13,2018-10-17
1973,601633,长城汽车,0.43,36.35,7.81,2018-10-17
3577,601636,旗滨集团,0.36,14.06,13.16,2018-10-17
3420,601666,平煤股份,0.22,-48.42,4.3,2018-10-17
482,601668,中国建筑,0.62,-25.3,11.5,2018-10-17
115,601669,中国电建,0.38,1.89,7.6,2018-10-17
1420,601677,明泰铝业,0.68,17.24,7.11,2018-10-17
3242,601678,滨化股份,0.43,-8.51,11.26,2018-10-17
1894,601717,郑煤机,0.4,110.53,6.16,2018-10-17
282,601766,中国中车,0.26,8.33,6.11,2018-10-17
2281,601777,力帆股份,0.1,-23.2,1.84,2018-10-17
124,601800,中国交建,0.74,10.45,7.21,2018-10-17
1071,601801,皖新传媒,0.55,5.77,11.21,2018-10-17
348,601808,中海油服,-0.06,100.0,-0.8,2018-10-17
1345,601828,美凯龙,1.09,39.74,9.77,2018-10-17
372,601857,中国石油,0.26,192.22,4.0,2018-10-17
286,601866,中远海发,0.07,-29.33,4.95,2018-10-17
2179,601869,长飞光纤,1.76,29.41,19.7,2018-10-17
2332,601877,正泰电器,1.3,39.78,13.27,2018-10-17
1313,601878,浙商证券,0.17,-34.62,4.09,2018-10-17
133,601881,中国银河,0.18,-47.06,2.87,2018-10-17
2664,601882,海天精工,0.16,8.8,6.9,2018-10-17
1214,601886,江河集团,0.38,26.67,6.4,2018-10-17
1507,601890,亚星锚链,-0.01,-115.06,-0.17,2018-10-17
3110,601898,中煤能源,0.31,72.22,4.55,2018-10-17
2113,601899,紫金矿业,0.15,46.0,9.45,2018-10-17
933,601900,南方传媒,0.54,1.89,9.55,2018-10-17
564,601908,京运通,0.24,33.33,7.09,2018-10-17
392,601919,中远海控,0.08,-70.37,2.64,2018-10-17
1328,601929,吉视传媒,0.06,-16.91,2.68,2018-10-17
3153,601939,建设银行,0.86,7.5,12.06,2018-10-17
2668,601952,苏垦农发,0.32,-23.81,8.35,2018-10-17
3243,601958,金钼股份,0.07,483.33,1.77,2018-10-17
530,601966,玲珑轮胎,0.74,23.33,9.5,2018-10-17
936,601975,长航油运,0.04,-27.2,6.33,2018-10-17
2655,601985,中国核电,0.25,-6.44,8.55,2018-10-17
395,601990,南京证券,0.09,-30.77,2.31,2018-10-17
1521,601991,大唐发电,0.11,-26.78,3.42,2018-10-17
2619,601998,中信银行,0.72,5.88,9.5,2018-10-17
2047,601999,出版传媒,0.22,10.0,5.79,2018-10-17
1866,603000,人民网,0.06,500.0,2.41,2018-10-17
3519,603002,宏昌电子,0.08,33.33,4.34,2018-10-17
2123,603005,晶方科技,0.13,-55.17,1.68,2018-10-17
940,603006,联明股份,0.35,-16.67,6.86,2018-10-17
1265,603008,喜临门,0.4,-23.08,5.63,2018-10-17
397,603010,万盛股份,0.54,38.46,11.86,2018-10-17
1363,603011,合锻智能,0.09,12.5,2.22,2018-10-17
1099,603017,中衡设计,0.42,4.44,6.61,2018-10-17
1870,603018,中设集团,0.77,-9.41,10.92,2018-10-17
3574,603019,中科曙光,0.27,125.0,5.28,2018-10-17
534,603020,爱普股份,0.3,-27.31,4.99,2018-10-17
2708,603022,新通联,0.16,60.0,5.25,2018-10-17
2421,603023,威帝股份,0.1,11.11,6.37,2018-10-17
3181,603026,石大胜华,0.84,27.27,10.32,2018-10-17
687,603028,赛福天,0.05,-54.55,1.75,2018-10-17
1369,603029,天鹅股份,-0.05,66.67,-0.7,2018-10-17
2792,603030,全筑股份,0.24,166.67,7.61,2018-10-17
2942,603032,德新交运,0.03,-81.25,1.23,2018-10-17
1115,603035,常熟汽饰,1.11,88.14,13.22,2018-10-17
1227,603036,如通股份,0.13,-7.14,2.59,2018-10-17
2719,603038,华立股份,0.61,-45.05,5.94,2018-10-17
577,603039,泛微网络,0.6,-17.81,9.43,2018-10-17
2987,603040,新坐标,1.01,-22.31,12.72,2018-10-17
1916,603041,美思德,0.31,-31.77,4.4,2018-10-17
1273,603043,广州酒家,0.74,37.51,16.63,2018-10-17
3380,603050,科林电气,0.26,30.0,4.29,2018-10-17
3269,603055,台华新材,0.62,8.77,14.97,2018-10-17
294,603059,倍加洁,1.02,-5.56,10.73,2018-10-17
697,603060,国检集团,0.63,30.67,13.03,2018-10-17
1131,603063,禾望电气,0.1,-79.17,1.82,2018-10-17
355,603066,音飞储存,0.24,14.96,7.77,2018-10-17
3203,603067,振华股份,0.38,40.74,10.13,2018-10-17
2722,603069,海汽集团,0.16,6.67,4.67,2018-10-17
585,603076,乐惠国际,0.75,-21.05,7.11,2018-10-17
2991,603077,和邦生物,0.05,25.0,4.04,2018-10-17
435,603078,江化微,0.35,-56.56,3.93,2018-10-17
3431,603079,圣达生物,0.46,-50.54,6.59,2018-10-17
2755,603080,新疆火炬,0.41,-12.77,5.85,2018-10-17
871,603083,剑桥科技,0.44,-41.33,5.16,2018-10-17
473,603085,天成自控,0.14,-36.36,4.11,2018-10-17
2795,603086,先达股份,1.6,40.35,14.85,2018-10-17
3097,603090,宏盛股份,0.25,15.45,5.38,2018-10-17
1237,603098,森特股份,0.33,-5.71,9.08,2018-10-17
540,603100,川仪股份,0.4,42.86,7.77,2018-10-17
2759,603108,润达医疗,0.42,44.83,10.2,2018-10-17
403,603111,康尼机电,-0.55,-329.17,-14.93,2018-10-17
1670,603118,共进股份,0.15,-16.67,2.65,2018-10-17
706,603123,翠微股份,0.17,24.29,2.99,2018-10-17
1241,603127,昭衍新药,0.5,-9.09,9.88,2018-10-17
3122,603131,上海沪工,0.23,-25.81,6.76,2018-10-17
2579,603133,碳元科技,0.22,-4.35,5.11,2018-10-17
962,603136,天目湖,1.18,-9.23,13.77,2018-10-17
3068,603138,海量数据,0.28,-36.32,10.38,2018-10-17
2762,603139,康惠制药,0.33,-19.51,3.54,2018-10-17
79,603157,拉夏贝尔,0.44,-29.03,6.07,2018-10-17
1465,603161,科华控股,0.56,-28.21,6.3,2018-10-17
2223,603165,荣晟环保,0.78,-65.18,12.61,2018-10-17
2063,603166,福达股份,0.13,-27.78,3.79,2018-10-17
360,603167,渤海轮渡,0.67,-9.46,9.81,2018-10-17
3207,603168,莎普爱思,0.24,-57.14,4.64,2018-10-17
1792,603169,兰石重装,-0.15,-1079.49,-5.01,2018-10-17
1430,603178,圣龙股份,0.21,-38.24,5.22,2018-10-17
964,603179,新泉股份,1.01,-11.4,15.68,2018-10-17
2625,603180,金牌厨柜,1.78,13.09,13.12,2018-10-17
2728,603181,皇马科技,0.68,7.94,10.22,2018-10-17
7,603185,上机数控,1.83,90.63,,2018-10-17
2838,603186,华正新材,0.45,-16.67,9.06,2018-10-17
12,603187,海容冷链,2.06,24.85,,2018-10-17
2765,603188,亚邦股份,0.48,-39.43,8.71,2018-10-17
1467,603189,网达软件,0.03,-66.67,0.89,2018-10-17
2225,603192,汇得科技,1.1,2.8,14.69,2018-10-17
1184,603196,日播时尚,0.09,-60.06,2.23,2018-10-17
362,603197,保隆科技,0.75,-48.02,8.91,2018-10-17
3548,603199,九华旅游,0.73,4.32,7.58,2018-10-17
966,603208,江山欧派,1.33,13.68,10.56,2018-10-17
3070,603214,爱婴室,0.72,14.29,9.73,2018-10-17
3047,603218,日月股份,0.5,8.7,7.04,2018-10-17
17,603220,贝通信,0.28,698.59,9.06,2018-10-17
888,603222,济民制药,0.12,0.0,4.57,2018-10-17
2025,603223,恒通股份,0.28,-12.5,5.76,2018-10-17
88,603228,景旺电子,1.54,21.26,18.08,2018-10-17
475,603229,奥翔药业,0.2,-13.04,5.61,2018-10-17
2400,603232,格尔软件,0.13,-35.0,1.94,2018-10-17
2864,603239,浙江仙通,0.42,-6.67,11.85,2018-10-17
1444,603258,电魂网络,0.37,-37.29,5.45,2018-10-17
418,603259,药明康德,1.94,71.68,22.62,2018-10-17
3494,603260,合盛硅业,3.35,108.07,35.04,2018-10-17
1019,603268,松发股份,0.29,-19.44,5.82,2018-10-17
3545,603278,大业股份,0.82,18.84,12.13,2018-10-17
2768,603283,赛腾股份,0.47,-31.88,11.31,2018-10-17
1477,603286,日盈电子,0.17,-39.29,3.55,2018-10-17
728,603288,海天味业,1.16,23.4,24.94,2018-10-17
3273,603289,泰瑞机器,0.27,-34.15,7.74,2018-10-17
2402,603297,永新光学,1.48,14.73,19.55,2018-10-17
3524,603298,杭叉集团,0.69,15.0,11.8,2018-10-17
3560,603300,华铁科技,0.18,100.0,5.47,2018-10-17
1452,603301,振德医疗,0.96,0.0,10.11,2018-10-17
2821,603303,得邦照明,0.51,-33.66,8.52,2018-10-17
231,603308,应流股份,0.16,0.0,2.35,2018-10-17
2263,603309,维力医疗,0.21,-19.23,4.68,2018-10-17
2799,603313,梦百合,0.46,-23.33,6.96,2018-10-17
1293,603315,福鞍股份,0.04,-69.44,0.82,2018-10-17
1484,603316,诚邦股份,0.21,-30.0,5.17,2018-10-17
92,603318,派思股份,0.03,-78.57,1.04,2018-10-17
2529,603319,湘油泵,0.91,9.64,10.03,2018-10-17
73,603320,迪贝电气,0.36,-23.4,5.94,2018-10-17
181,603323,苏农银行,0.5,13.64,8.25,2018-10-17
2589,603326,我乐家居,0.3,-2.47,8.73,2018-10-17
2736,603330,上海天洋,0.48,71.43,5.11,2018-10-17
1026,603331,百达精工,0.45,-6.25,8.36,2018-10-17
3558,603333,尚纬股份,0.1,130.23,3.58,2018-10-17
2035,603335,迪生力,0.06,-57.14,3.57,2018-10-17
36,603336,宏辉果蔬,0.32,-17.95,6.93,2018-10-17
3489,603337,杰克股份,1.21,3.42,16.4,2018-10-17
1487,603338,浙江鼎力,1.6,14.29,16.07,2018-10-17
3285,603339,四方科技,0.69,23.21,9.34,2018-10-17
1396,603345,安井食品,0.91,33.82,10.97,2018-10-17
1198,603348,文灿股份,0.54,-6.9,6.5,2018-10-17
3,603351,威尔药业,1.68,1.82,14.98,2018-10-17
3517,603355,莱克电气,0.84,23.53,9.93,2018-10-17
642,603356,华菱精工,0.37,-24.49,9.86,2018-10-17
2093,603357,设计总院,1.07,62.12,17.96,2018-10-17
976,603358,华达科技,0.58,-49.12,7.02,2018-10-17
252,603363,傲农生物,0.07,-72.0,3.89,2018-10-17
2267,603365,水星家纺,0.68,-12.82,8.82,2018-10-17
1050,603366,日出东方,-0.05,-152.8,-1.21,2018-10-17
2370,603367,辰欣药业,0.83,43.1,9.59,2018-10-17
1298,603368,柳药股份,1.51,-16.11,10.76,2018-10-17
342,603369,今世缘,0.82,32.63,18.26,2018-10-17
3469,603377,东方时尚,0.33,-34.0,10.57,2018-10-17
2533,603378,亚士创能,0.27,-49.06,4.0,2018-10-17
1206,603380,易德龙,0.46,-9.8,10.2,2018-10-17
651,603386,广东骏亚,0.31,0.0,9.81,2018-10-17
2595,603387,基蛋生物,0.97,-25.38,14.9,2018-10-17
978,603388,元成股份,0.41,51.85,10.34,2018-10-17
2642,603389,亚振家居,-0.1,-152.63,-2.4,2018-10-17
1033,603396,金辰股份,0.85,-11.46,7.58,2018-10-17
665,603398,邦宝益智,0.15,-31.82,4.83,2018-10-17
459,603399,吉翔股份,0.42,133.33,10.35,2018-10-17
2380,603416,信捷电气,0.75,7.14,10.76,2018-10-17
1306,603421,鼎信通讯,0.45,-15.09,8.79,2018-10-17
2938,603429,集友股份,0.4,-25.77,13.47,2018-10-17
2960,603444,吉比特,7.09,14.35,20.41,2018-10-17
2541,603456,九洲药业,0.12,-53.85,3.58,2018-10-17
2408,603458,勘设股份,1.76,-33.33,10.83,2018-10-17
554,603477,振静股份,0.2,-23.08,5.9,2018-10-17
2601,603488,展鹏科技,0.24,-17.24,6.14,2018-10-17
982,603496,恒为科技,0.59,-11.94,11.93,2018-10-17
3399,603501,韦尔股份,0.54,125.0,17.59,2018-10-17
2165,603505,金石资源,0.3,30.43,9.41,2018-10-17
1060,603506,南都物业,0.66,-22.35,11.74,2018-10-17
2077,603508,思维列控,0.84,33.33,5.23,2018-10-17
750,603516,淳中科技,0.54,-26.03,11.0,2018-10-17
1410,603517,绝味食品,1.19,23.96,17.86,2018-10-17
2412,603518,维格娜丝,0.8,116.22,6.55,2018-10-17
1756,603520,司太立,0.7,20.69,9.36,2018-10-17
1602,603527,众源新材,0.41,-33.87,8.6,2018-10-17
2613,603528,多伦科技,0.17,27.58,7.67,2018-10-17
2245,603533,掌阅科技,0.29,7.41,11.03,2018-10-17
2644,603535,嘉诚国际,0.68,0.0,7.21,2018-10-17
3036,603536,惠发股份,0.12,-60.0,3.17,2018-10-17
3147,603538,美诺华,0.49,53.13,5.66,2018-10-17
417,603555,贵人鸟,0.03,-89.16,0.7,2018-10-17
1064,603556,海兴电力,0.63,-42.2,5.83,2018-10-17
2383,603557,起步股份,0.31,-4.91,10.11,2018-10-17
2555,603567,珍宝岛,0.44,5.08,7.68,2018-10-17
3442,603568,伟明环保,0.85,54.55,22.45,2018-10-17
3569,603569,长久物流,0.34,-41.38,8.55,2018-10-17
659,603578,三星新材,0.57,11.76,9.85,2018-10-17
2692,603579,荣泰健康,1.31,16.96,13.12,2018-10-17
1807,603585,苏利股份,1.26,13.51,14.22,2018-10-17
2173,603587,地素时尚,1.25,17.92,22.05,2018-10-17
3538,603588,高能环境,0.37,87.18,10.46,2018-10-17
1751,603590,康辰药业,1.26,-64.02,10.21,2018-10-17
118,603596,伯特利,0.58,16.0,14.77,2018-10-17
1422,603598,引力传媒,0.19,72.73,7.45,2018-10-17
922,603599,广信股份,0.81,6.58,8.77,2018-10-17
1340,603602,纵横通信,0.22,-52.17,3.79,2018-10-17
835,603603,博天环境,0.4,14.29,11.57,2018-10-17
3430,603606,东方电缆,0.23,91.67,7.08,2018-10-17
2745,603607,京华激光,0.51,-45.74,9.0,2018-10-17
1044,603608,天创时尚,0.43,19.44,9.08,2018-10-17
2998,603609,禾丰牧业,0.49,53.13,11.43,2018-10-17
2455,603611,诺力股份,0.59,-7.81,9.52,2018-10-17
2080,603615,茶花股份,0.24,-21.0,4.32,2018-10-17
486,603616,韩建河山,0.02,-127.96,0.93,2018-10-17
2662,603618,杭电股份,0.11,-21.43,3.7,2018-10-17
1212,603619,中曼石油,0.19,-79.57,3.04,2018-10-17
1504,603628,清源股份,0.05,-72.22,1.41,2018-10-17
9,603629,利通电子,0.9,26.76,,2018-10-17
844,603630,拉芳家化,0.58,-6.45,7.52,2018-10-17
930,603633,徕木股份,0.24,-29.41,5.13,2018-10-17
3575,603636,南威软件,0.25,212.5,8.36,2018-10-17
678,603639,海利尔,2.33,42.94,18.01,2018-10-17
2787,603650,彤程新材,0.59,40.48,24.18,2018-10-17
2325,603657,春光科技,0.97,6.59,15.96,2018-10-17
3443,603659,璞泰来,0.99,12.5,16.54,2018-10-17
1509,603661,恒林股份,1.28,-41.28,5.81,2018-10-17
853,603665,康隆达,0.73,2.82,7.58,2018-10-17
376,603666,亿嘉和,1.54,17.4,17.22,2018-10-17
2776,603667,五洲新春,0.37,-5.13,6.87,2018-10-17
2748,603668,天马科技,0.24,0.0,8.07,2018-10-17
2287,603676,卫信康,0.15,-28.57,7.23,2018-10-17
48,603678,火炬电子,0.56,53.68,9.58,2018-10-17
1320,603679,华体科技,0.47,29.96,8.8,2018-10-17
1087,603683,晶华新材,0.14,-57.58,2.34,2018-10-17
1215,603685,晨丰科技,0.54,-54.24,7.63,2018-10-17
1764,603688,石英股份,0.3,34.35,7.69,2018-10-17
859,603690,至纯科技,0.13,-25.14,6.51,2018-10-17
937,603693,江苏新能,0.53,17.78,7.56,2018-10-17
2751,603698,航天工程,0.43,2.38,6.87,2018-10-17
1562,603700,宁波水表,0.88,15.79,23.12,2018-10-17
1524,603701,德宏股份,0.72,44.0,15.94,2018-10-17
2336,603703,盛洋科技,-0.03,-125.0,-1.18,2018-10-17
3562,603707,健友股份,0.61,1.34,15.32,2018-10-17
1095,603709,中源家居,0.65,-30.85,10.4,2018-10-17
3245,603711,香飘飘,0.21,-8.7,4.29,2018-10-17
1514,603713,密尔克卫,0.83,59.62,11.63,2018-10-17
999,603716,塞力斯,0.38,-62.75,6.09,2018-10-17
942,603718,海利生物,0.07,-44.47,4.27,2018-10-17
2660,603721,中广天择,0.21,-71.8,3.86,2018-10-17
2924,603725,天安新材,0.29,-6.45,5.29,2018-10-17
685,603726,朗迪集团,0.72,-21.74,11.4,2018-10-17
2003,603727,博迈科,-0.13,-139.39,-1.22,2018-10-17
169,603733,仙鹤股份,0.43,-14.0,8.61,2018-10-17
3544,603737,三棵树,0.97,7.78,11.15,2018-10-17
2391,603738,泰晶科技,0.26,-35.0,6.41,2018-10-17
2718,603758,秦安股份,-0.04,-110.26,-0.64,2018-10-17
202,603766,隆鑫通用,0.3,-9.12,9.22,2018-10-17
2128,603767,中马传动,0.16,-48.39,3.46,2018-10-17
433,603768,常青股份,0.34,-27.66,4.17,2018-10-17
1271,603776,永安行,0.67,-34.31,5.44,2018-10-17
691,603778,乾景园林,0.04,-42.86,1.88,2018-10-17
1373,603779,威龙股份,0.15,-11.76,2.48,2018-10-17
3228,603787,新日股份,0.43,7.5,9.57,2018-10-17
2297,603790,雅运股份,0.98,13.95,17.04,2018-10-17
1122,603797,联泰环保,0.27,12.5,5.43,2018-10-17
1229,603798,康普顿,0.32,-33.33,7.46,2018-10-17
536,603800,道森股份,0.3,204.12,6.73,2018-10-17
2890,603801,志邦家居,1.27,9.59,11.64,2018-10-17
2988,603803,瑞斯康达,0.19,-40.63,3.2,2018-10-17
434,603806,福斯特,0.66,-28.26,6.82,2018-10-17
1276,603809,豪能股份,0.79,-43.52,7.68,2018-10-17
208,603810,丰山集团,1.58,49.71,16.5,2018-10-17
2204,603811,诚意药业,0.84,44.83,11.57,2018-10-17
2944,603818,曲美家居,0.2,-44.44,5.8,2018-10-17
699,603819,神力股份,0.27,28.57,4.37,2018-10-17
2690,603822,嘉澳环保,0.55,34.76,5.47,2018-10-17
3249,603823,百合花,0.67,76.32,11.38,2018-10-17
2724,603826,坤彩科技,0.33,20.57,11.67,2018-10-17
2564,603829,洛凯股份,0.21,-36.36,5.42,2018-10-17
2431,603833,欧派家居,2.85,21.79,17.58,2018-10-17
2757,603839,安正时尚,0.62,-18.42,9.38,2018-10-17
2251,603848,好太太,0.46,21.05,16.24,2018-10-17
2346,603856,东宏股份,0.49,-28.99,8.47,2018-10-17
1461,603859,能科股份,0.16,81.71,2.7,2018-10-17
2305,603860,中公高科,0.22,-29.03,2.59,2018-10-17
3085,603866,桃李面包,0.98,23.64,14.37,2018-10-17
3062,603868,飞科电器,1.42,2.9,25.54,2018-10-17
3411,603869,新智认知,0.82,49.09,7.54,2018-10-17
601,603871,嘉友国际,2.08,-27.23,17.41,2018-10-17
1920,603877,太平鸟,0.59,63.89,8.41,2018-10-17
2622,603878,武进不锈,0.71,54.35,6.98,2018-10-17
3045,603879,永悦科技,0.24,-4.0,6.45,2018-10-17
878,603881,数据港,0.46,15.0,10.38,2018-10-17
2477,603882,金域医学,0.36,-5.26,9.21,2018-10-17
2797,603883,老百姓,1.14,10.68,11.18,2018-10-17
3486,603885,吉祥航空,0.8,15.94,15.54,2018-10-17
1672,603886,元祖股份,1.03,25.61,18.93,2018-10-17
2309,603887,城地股份,0.49,-10.91,8.99,2018-10-17
1160,603888,新华网,0.34,1.85,6.22,2018-10-17
3251,603889,新澳股份,0.43,-8.51,7.35,2018-10-17
2726,603895,天永智能,0.48,-44.83,10.93,2018-10-17
2141,603897,长城科技,0.9,-3.23,11.29,2018-10-17
963,603898,好莱客,0.97,31.08,14.06,2018-10-17
1284,603900,莱绅通灵,0.63,-12.5,9.11,2018-10-17
2255,603903,中持股份,0.63,100.32,8.59,2018-10-17
2019,603906,龙蟠科技,0.25,-32.43,4.48,2018-10-17
2311,603916,苏博特,0.73,46.0,11.37,2018-10-17
1176,603917,合力科技,0.43,-32.22,7.86,2018-10-17
361,603918,金桥信息,0.15,334.47,5.08,2018-10-17
542,603920,世运电路,0.41,-10.87,6.89,2018-10-17
614,603922,金鸿顺,0.38,-50.0,4.27,2018-10-17
1432,603926,铁流股份,0.53,-38.37,5.76,2018-10-17
2628,603929,亚翔集成,0.66,37.5,13.71,2018-10-17
2729,603933,睿能科技,0.73,-52.39,10.4,2018-10-17
83,603937,丽岛新材,0.42,-6.67,6.91,2018-10-17
449,603938,三孚股份,0.58,-22.67,8.65,2018-10-17
2766,603955,大千生态,0.5,-27.32,4.83,2018-10-17
716,603959,百利科技,0.29,11.54,9.04,2018-10-17
2525,603960,克来机电,0.31,10.71,9.37,2018-10-17
1253,603963,大理药业,0.04,-92.31,1.17,2018-10-17
176,603969,银龙股份,0.11,-52.17,5.51,2018-10-17
1438,603970,中农立华,0.57,-21.41,10.95,2018-10-17
967,603976,正川股份,0.44,-26.67,6.89,2018-10-17
20,603986,兆易创新,1.31,-22.81,19.99,2018-10-17
1290,603987,康德莱,0.26,-10.34,8.91,2018-10-17
3477,603988,中电电机,0.17,-43.33,5.78,2018-10-17
89,603989,艾华集团,0.58,-22.76,11.53,2018-10-17
2083,603990,麦迪科技,0.14,-61.11,2.64,2018-10-17
628,603997,继峰股份,0.37,5.71,13.03,2018-10-17
1446,603998,方盛制药,0.14,-17.65,6.0,2018-10-17
2439,603999,读者传媒,0.05,-41.3,1.82,2018-10-17
